Timestamp,"Air temperature (gund, ℃)","Relative humidity (gund, %)","Wind direction (gund, °)","Wind speed (gund, m/s)","Pressure (gund, mbar)","Solar radiation (gund, W/m^2)"
6/27/22 0:00,22.18,63.7,233,1,1011.9,1
6/27/22 0:05,22.13,63,229,2,1011.9,1
6/27/22 0:10,21.99,63.2,220,1,1011.8,1
6/27/22 0:15,21.96,63.2,241,1,1011.8,1
6/27/22 0:20,21.99,62.4,243,1,1011.9,1
6/27/22 0:25,22.01,62.2,243,1.5,1011.6,1
6/27/22 0:30,21.91,62.3,237,1,1011.6,1
6/27/22 0:35,21.91,62,237,1.5,1011.6,1
6/27/22 0:40,21.96,61.9,233,2,1011.5,1
6/27/22 0:45,21.75,62.3,240,1,1011.5,1
6/27/22 0:50,21.58,62.4,248,1,1011.7,1
6/27/22 0:55,21.7,62.2,241,1.5,1011.6,1
6/27/22 1:00,21.63,62.4,227,1,1011.7,1
6/27/22 1:05,21.72,62.2,227,1.5,1011.5,1
6/27/22 1:10,21.65,62.2,230,1.5,1011.4,1
6/27/22 1:15,21.46,62.5,219,0.5,1011.4,1
6/27/22 1:20,21.58,62.1,225,1,1011.4,1
6/27/22 1:25,21.63,62.2,240,1,1011.3,1
6/27/22 1:30,21.63,62.1,233,1,1011.4,1
6/27/22 1:35,21.72,62.1,246,1.5,1011.3,1
6/27/22 1:40,21.65,61.9,227,1,1011.3,1
6/27/22 1:45,21.7,61.9,226,0.5,1011.3,1
6/27/22 1:50,21.65,62.1,215,0.5,1011.4,1
6/27/22 1:55,21.77,62.3,233,0.5,1011.1,1
6/27/22 2:00,21.96,61.9,237,1,1011.2,1
6/27/22 2:05,22.03,61.9,247,2,1011,1
6/27/22 2:10,22.01,62.3,230,1,1010.9,1
6/27/22 2:15,22.11,62.4,254,1.5,1011,1
6/27/22 2:20,22.08,62.7,253,1.5,1010.9,1
6/27/22 2:25,22.03,63.2,258,1,1010.9,1
6/27/22 2:30,22.13,63.3,247,1,1010.9,1
6/27/22 2:35,22.15,63.5,240,2.5,1010.8,1
6/27/22 2:40,22.15,63.9,230,2,1010.8,1
6/27/22 2:45,22.06,64.3,236,1,1010.8,1
6/27/22 2:50,22.08,64.7,225,1.5,1010.8,1
6/27/22 2:55,22.01,65.2,230,1.5,1010.8,1
6/27/22 3:00,21.99,65.4,237,1.5,1010.6,1
6/27/22 3:05,22.03,65.6,230,2,1010.7,1
6/27/22 3:10,21.96,66.2,225,1.5,1010.6,1
6/27/22 3:15,21.96,66.7,227,2,1010.4,1
6/27/22 3:20,21.94,67.1,241,2,1010.5,1
6/27/22 3:25,21.96,67.5,227,1.5,1010.3,1
6/27/22 3:30,21.91,67.9,229,1.5,1010.2,1
6/27/22 3:35,21.82,68.6,240,1.5,1010.1,1
6/27/22 3:40,21.84,69,233,1.5,1010,1
6/27/22 3:45,21.82,69.5,244,2,1009.9,1
6/27/22 3:50,21.72,70,223,1.5,1009.9,1
6/27/22 3:55,21.75,70.3,229,1.5,1010,1
6/27/22 4:00,21.7,70.8,234,1,1009.9,1
6/27/22 4:05,21.6,71.5,209,1,1009.8,1
6/27/22 4:10,21.68,71.6,233,2,1009.9,1
6/27/22 4:15,21.65,71.7,218,1.5,1009.9,1
6/27/22 4:20,21.7,71.8,243,1.5,1009.7,1
6/27/22 4:25,21.68,71.7,243,2,1009.8,1
6/27/22 4:30,21.75,71.8,227,2,1009.5,1
6/27/22 4:35,21.77,71.9,223,2,1009.5,1
6/27/22 4:40,21.77,71.9,229,2.5,1009.7,1
6/27/22 4:45,21.68,72.2,258,1.5,1009.7,1
6/27/22 4:50,21.75,72.2,243,3,1009.5,1
6/27/22 4:55,21.49,72.8,236,1,1009.6,4
6/27/22 5:00,21.65,72.7,251,2,1009.6,6
6/27/22 5:05,21.56,73.2,239,1.5,1009.4,6
6/27/22 5:10,21.63,73,237,3,1009.4,8
6/27/22 5:15,21.49,73.4,261,0.5,1009.4,14
6/27/22 5:20,21.68,72.9,254,1.5,1009.4,18
6/27/22 5:25,21.82,72.5,256,1.5,1009.4,23
6/27/22 5:30,21.91,72.2,243,1.5,1009.4,26
6/27/22 5:35,21.91,72.5,256,1,1009.3,21
6/27/22 5:40,21.96,72.5,239,1,1009.3,22
6/27/22 5:45,22.11,72.2,246,2,1009.5,33
6/27/22 5:50,22.23,71.9,234,1.5,1009.3,44
6/27/22 5:55,22.3,71.9,247,2,1009.3,53
6/27/22 6:00,22.61,71,240,1.5,1009.1,64
6/27/22 6:05,22.44,71.7,250,2,1009.2,69
6/27/22 6:10,22.63,71.1,226,1.5,1009.2,62
6/27/22 6:15,22.54,71.1,223,2.5,1009.1,74
6/27/22 6:20,22.63,71,244,2,1009.1,89
6/27/22 6:25,23.38,69.8,233,1.5,1009.1,201
6/27/22 6:30,23.91,67.9,241,1.5,1009.2,108
6/27/22 6:35,23.18,69.3,236,2,1008.9,97
6/27/22 6:40,23.14,69.8,226,2,1009,69
6/27/22 6:45,22.8,70.8,225,2.5,1009,52
6/27/22 6:50,22.8,70.9,237,2,1009.1,79
6/27/22 6:55,22.92,70.7,251,1.5,1009,84
6/27/22 7:00,23.26,70.1,248,2.5,1009.1,136
6/27/22 7:05,24.05,68.2,247,2,1009,286
6/27/22 7:10,24.41,67.4,225,1.5,1008.9,242
6/27/22 7:15,23.91,68.4,239,2.5,1008.9,162
6/27/22 7:20,24.27,67.8,233,2.5,1009,192
6/27/22 7:25,24.12,68.7,234,3,1008.8,178
6/27/22 7:30,23.91,69.6,239,3.5,1008.7,109
6/27/22 7:35,24.15,69.3,222,2.5,1008.7,92
6/27/22 7:40,24.05,70,234,2.5,1008.8,81
6/27/22 7:45,24,70.6,254,2.5,1008.7,61
6/27/22 7:50,23.88,71.3,246,2,1008.8,42
6/27/22 7:55,23.86,71.8,241,2.5,1008.7,53
6/27/22 8:00,23.98,71.9,233,3.5,1008.8,81
6/27/22 8:05,24.17,71.3,227,2,1008.5,87
6/27/22 8:10,24.07,72,243,3.5,1008.7,102
6/27/22 8:15,24.05,72.1,233,3.5,1008.6,82
6/27/22 8:20,24,72.6,237,3,1008.7,69
6/27/22 8:25,24.03,72.8,244,2,1008.8,82
6/27/22 8:30,24.24,72.3,230,2,1008.5,98
6/27/22 8:35,24.17,72.4,232,4,1008.5,138
6/27/22 8:40,24.41,71.9,239,4,1008.5,168
6/27/22 8:45,24.63,71.4,232,3.5,1008.3,162
6/27/22 8:50,24.7,71,243,2.5,1008.4,111
6/27/22 8:55,24.44,71.9,227,3.5,1008.4,141
6/27/22 9:00,24.39,72.1,227,3,1008.5,118
6/27/22 9:05,24.48,72.1,223,2.5,1008.4,112
6/27/22 9:10,24.48,71.9,226,3,1008.3,109
6/27/22 9:15,24.77,71.4,222,3,1008.5,173
6/27/22 9:20,24.58,71.5,232,4,1008.4,123
6/27/22 9:25,24.56,72,240,2.5,1008.4,94
6/27/22 9:30,24.46,72.2,232,2.5,1008.3,112
6/27/22 9:35,24.65,71.8,236,2.5,1008.2,144
6/27/22 9:40,24.44,71.9,237,3,1008.3,123
6/27/22 9:45,24.41,72.4,251,3.5,1008.4,156
6/27/22 9:50,24.68,72,243,3,1008.5,151
6/27/22 9:55,24.56,72.1,233,2.5,1008.3,153
6/27/22 10:00,24.6,72.2,240,3,1008.4,178
6/27/22 10:05,24.68,72.3,256,3.5,1008.5,199
6/27/22 10:10,24.46,73.7,236,4,1008.5,149
6/27/22 10:15,24.46,73.9,247,3.5,1008.3,153
6/27/22 10:20,24.68,73.6,251,2.5,1008.5,154
6/27/22 10:25,25.4,71.8,243,1.5,1008.4,289
6/27/22 10:30,25.02,72.3,239,3,1008.1,207
6/27/22 10:35,25.55,70.7,208,1.5,1008.2,292
6/27/22 10:40,25.4,71.5,250,2.5,1008.4,273
6/27/22 10:45,25.16,72.5,240,4,1008.3,203
6/27/22 10:50,24.6,74.6,241,4.5,1008.4,117
6/27/22 10:55,24.97,74,241,3,1008.4,184
6/27/22 11:00,25.43,72.9,264,2.5,1008.3,214
6/27/22 11:05,26.72,69.9,247,2.5,1008.5,416
6/27/22 11:10,26.11,70.7,244,1.5,1008.3,173
6/27/22 11:15,23.4,79.8,253,3,1008.6,132
6/27/22 11:20,23.64,80.1,253,1.5,1008.6,114
6/27/22 11:25,21.72,89.9,248,2,1008.8,96
6/27/22 11:30,21.63,92.6,261,2,1008.9,104
6/27/22 11:35,21.89,94.1,260,1.5,1008.8,141
6/27/22 11:40,22.11,94.7,247,1,1008.7,181
6/27/22 11:45,21.77,95.3,244,2.5,1008.8,136
6/27/22 11:50,21.53,95.9,240,2,1008.7,68
6/27/22 11:55,21.53,96.6,239,2,1008.7,52
6/27/22 12:00,21.56,97,233,1,1008.8,48
6/27/22 12:05,21.46,97.1,240,2.5,1008.8,121
6/27/22 12:10,21.77,97.1,229,1.5,1008.8,126
6/27/22 12:15,22.11,97.2,212,1,1008.8,153
6/27/22 12:20,21.87,97.1,244,2,1008.8,102
6/27/22 12:25,21.75,97.7,240,1,1008.8,57
6/27/22 12:30,21.7,97.8,225,1,1008.8,106
6/27/22 12:35,21.65,97.9,246,2,1009,66
6/27/22 12:40,21.63,97.9,244,2,1008.7,98
6/27/22 12:45,21.82,98.1,219,2,1008.6,133
6/27/22 12:50,21.8,98.1,230,2.5,1008.6,116
6/27/22 12:55,22.11,98.1,232,1.5,1008.5,108
6/27/22 13:00,22.13,97.8,234,1,1008.5,82
6/27/22 13:05,22.06,97.8,227,1.5,1008.5,73
6/27/22 13:10,21.87,97.7,225,1.5,1008.6,28
6/27/22 13:15,21.51,98.2,246,2,1008.8,43
6/27/22 13:20,21.53,98.7,247,1,1008.9,59
6/27/22 13:25,21.63,98.8,250,1,1008.9,53
6/27/22 13:30,21.49,98.8,236,3,1009,57
6/27/22 13:35,21.58,99,227,2,1008.8,57
6/27/22 13:40,21.65,99.1,222,1,1008.8,67
6/27/22 13:45,21.39,99.1,237,2,1008.8,77
6/27/22 13:50,21.53,99.2,230,1.5,1008.6,92
6/27/22 13:55,21.84,99.2,229,0.5,1008.7,158
6/27/22 14:00,21.96,99,220,1,1008.6,99
6/27/22 14:05,21.91,98.9,243,1,1008.6,87
6/27/22 14:10,21.99,98.8,230,0.5,1008.6,107
6/27/22 14:15,21.75,98.9,230,1,1008.7,67
6/27/22 14:20,21.68,99,240,1,1008.7,72
6/27/22 14:25,21.68,99.2,230,1.5,1008.6,77
6/27/22 14:30,21.77,99.3,256,1,1008.7,83
6/27/22 14:35,21.7,99.3,229,0.5,1008.5,84
6/27/22 14:40,21.72,99.3,244,0.5,1008.5,78
6/27/22 14:45,21.6,99.4,232,1,1008.6,39
6/27/22 14:50,21.63,99.4,230,1,1008.6,59
6/27/22 14:55,21.65,99.5,218,0.5,1008.6,39
6/27/22 15:00,21.65,99.4,243,1,1008.7,64
6/27/22 15:05,21.72,99.4,225,1,1008.5,63
6/27/22 15:10,21.7,99.5,222,1.5,1008.5,58
6/27/22 15:15,21.75,99.5,226,0.5,1008.5,66
6/27/22 15:20,21.82,99.5,212,0.5,1008.4,73
6/27/22 15:25,21.77,99.5,234,1,1008.5,53
6/27/22 15:30,21.75,99.5,222,1,1008.5,78
6/27/22 15:35,21.68,99.6,222,1,1008.5,46
6/27/22 15:40,21.7,99.6,219,1.5,1008.4,64
6/27/22 15:45,21.72,99.6,220,1,1008.5,58
6/27/22 15:50,21.82,99.5,239,0,1008.6,42
6/27/22 15:55,21.84,99.5,215,1,1008.4,67
6/27/22 16:00,21.96,99.4,213,0.5,1008.3,77
6/27/22 16:05,21.94,99.2,230,1,1008.4,92
6/27/22 16:10,21.87,99,223,1,1008.4,63
6/27/22 16:15,21.99,99,234,1.5,1008.3,107
6/27/22 16:20,22.11,98.9,230,1,1008.4,116
6/27/22 16:25,22.27,98.8,237,0,1008.3,96
6/27/22 16:30,22.2,98.6,222,0.5,1008.3,52
6/27/22 16:35,22.03,98.7,229,0.5,1008.3,59
6/27/22 16:40,22.08,98.8,230,0.5,1008.3,67
6/27/22 16:45,22.06,98.6,244,1.5,1008.2,74
6/27/22 16:50,22.27,98.6,220,0.5,1008.3,77
6/27/22 16:55,22.13,98.8,216,0.5,1008.2,73
6/27/22 17:00,22.06,99,230,1,1008.3,68
6/27/22 17:05,22.06,99,222,0.5,1008.5,52
6/27/22 17:10,22.01,99,232,0.5,1008.3,49
6/27/22 17:15,21.87,99.1,213,0.5,1008.3,43
6/27/22 17:20,21.75,99.2,226,1.5,1008.1,44
6/27/22 17:25,21.7,99.5,226,1.5,1008.4,37
6/27/22 17:30,21.68,99.5,219,1,1008.3,33
6/27/22 17:35,21.68,99.6,241,1,1008.2,29
6/27/22 17:40,21.68,99.7,229,0.5,1008.3,27
6/27/22 17:45,21.7,99.7,218,1,1008.3,24
6/27/22 17:50,21.58,99.8,223,2,1008.4,23
6/27/22 17:55,21.63,99.8,226,1,1008.4,23
6/27/22 18:00,21.63,99.9,218,1,1008.4,22
6/27/22 18:05,21.63,100,234,1,1008.4,19
6/27/22 18:10,21.63,99.9,223,0.5,1008.5,23
6/27/22 18:15,21.65,99.9,222,1,1008.5,27
6/27/22 18:20,21.7,99.9,206,0,1008.5,24
6/27/22 18:25,21.46,99.9,234,0.5,1008.4,32
6/27/22 18:30,21.27,99.9,230,1,1008.5,34
6/27/22 18:35,21.08,100,227,1.5,1008.5,29
6/27/22 18:40,21.2,100,237,0.5,1008.6,28
6/27/22 18:45,21.29,100,223,0.5,1008.6,29
6/27/22 18:50,21.37,100,223,1,1008.4,28
6/27/22 18:55,21.39,100,212,1,1008.4,14
6/27/22 19:00,21.27,100,218,1.5,1008.4,13
6/27/22 19:05,21.32,100,220,0.5,1008.5,13
6/27/22 19:10,21.29,100,233,1.5,1008.6,11
6/27/22 19:15,21.2,99.9,233,2,1008.8,13
6/27/22 19:20,21.1,99.9,237,2,1008.8,14
6/27/22 19:25,20.94,100,229,1.5,1008.8,13
6/27/22 19:30,20.79,100,236,2,1009,8
6/27/22 19:35,20.7,100,229,1.5,1008.8,7
6/27/22 19:40,20.56,100,220,1,1008.8,9
6/27/22 19:45,20.53,100,225,2,1008.8,8
6/27/22 19:50,20.58,100,213,1,1008.9,7
6/27/22 19:55,20.53,100,218,1,1009.1,7
6/27/22 20:00,20.46,100,239,1,1009.1,4
6/27/22 20:05,20.48,100,239,1,1009.1,9
6/27/22 20:10,20.46,100,227,1,1009,18
6/27/22 20:15,20.46,100,227,0.5,1009,21
6/27/22 20:20,20.44,100,226,1,1009.2,14
6/27/22 20:25,20.41,100,225,1,1009.2,8
6/27/22 20:30,20.41,100,240,1,1009.3,2
6/27/22 20:35,20.36,100,257,0.5,1009.4,1
6/27/22 20:40,20.32,100,246,1,1009.4,1
6/27/22 20:45,20.32,100,250,1.5,1009.4,1
6/27/22 20:50,20.27,100,248,1,1009.5,1
6/27/22 20:55,20.25,100,263,0.5,1009.4,1
6/27/22 21:00,20.22,100,251,1,1009.6,1
6/27/22 21:05,20.22,100,258,1,1009.5,1
6/27/22 21:10,20.15,100,261,0.5,1009.7,1
6/27/22 21:15,20.17,100,277,0.5,1009.8,1
6/27/22 21:20,20.1,100,302,0.5,1009.9,1
6/27/22 21:25,20.15,100,303,1,1009.9,1
6/27/22 21:30,20.13,100,314,0.5,1009.9,1
6/27/22 21:35,20.1,100,303,1.5,1009.9,1
6/27/22 21:40,20.01,100,306,1,1010,1
6/27/22 21:45,19.91,100,295,0.5,1010.1,1
6/27/22 21:50,19.82,99.7,285,0.5,1010.1,1
6/27/22 21:55,19.79,99.5,264,0.5,1010,1
6/27/22 22:00,19.72,99.1,293,1,1010.1,1
6/27/22 22:05,19.67,98.5,298,1,1009.9,1
6/27/22 22:10,19.82,98.1,306,1,1010.1,1
6/27/22 22:15,19.77,97.9,309,1,1010.2,1
6/27/22 22:20,19.77,97.6,305,1,1010.3,1
6/27/22 22:25,19.67,97.5,286,0.5,1010.3,1
6/27/22 22:30,19.53,97.6,295,0,1010.3,1
6/27/22 22:35,19.63,97.4,309,0.5,1010.5,1
6/27/22 22:40,19.75,96.9,309,1,1010.5,1
6/27/22 22:45,19.77,96.5,309,1,1010.4,1
6/27/22 22:50,19.65,96.3,313,1,1010.8,1
6/27/22 22:55,19.53,96.2,305,0.5,1010.9,1
6/27/22 23:00,19.46,96.2,299,0,1010.9,1
6/27/22 23:05,19.2,96.7,279,0,1010.9,1
6/27/22 23:10,19.13,96.7,292,0,1010.8,1
6/27/22 23:15,19.08,96.7,299,0,1011,1
6/27/22 23:20,18.98,96.6,288,0,1010.9,1
6/27/22 23:25,18.94,96.6,314,0.5,1011,1
6/27/22 23:30,18.68,97.2,307,0,1011,1
6/27/22 23:35,18.51,97.3,293,0,1010.9,1
6/27/22 23:40,18.49,97.3,289,0,1011.2,1
6/27/22 23:45,18.34,97.5,288,0,1011.2,1
6/27/22 23:50,18.22,97.7,314,0,1011.3,1
6/27/22 23:55,18.15,97.4,263,0,1011.3,1
7/4/22 0:00,20.51,57.1,350,1.5,1012.9,1
7/4/22 0:05,20.58,57.1,351,1.5,1013,1
7/4/22 0:10,20.48,57,352,1.5,1013.2,1
7/4/22 0:15,20.22,57.6,3,0.5,1013.3,1
7/4/22 0:20,20.15,58.1,355,0.5,1013.3,1
7/4/22 0:25,19.94,58.6,351,0,1013.4,1
7/4/22 0:30,19.7,59.2,351,0,1013.4,1
7/4/22 0:35,19.84,59,1,0,1013.4,1
7/4/22 0:40,20.17,57.6,3,1,1013.6,1
7/4/22 0:45,20.06,57.5,3,1,1013.6,1
7/4/22 0:50,20.1,57.2,352,0.5,1013.6,1
7/4/22 0:55,20.2,56.8,3,1,1013.5,1
7/4/22 1:00,20.13,56.7,355,1,1013.6,1
7/4/22 1:05,20.1,57,355,1,1013.6,1
7/4/22 1:10,20.13,57.5,355,1.5,1013.8,1
7/4/22 1:15,19.82,58.2,350,1,1013.7,1
7/4/22 1:20,19.72,58.8,352,0.5,1013.8,1
7/4/22 1:25,19.65,59.3,344,0.5,1013.9,1
7/4/22 1:30,19.72,59.2,352,1.5,1014,1
7/4/22 1:35,19.72,59.5,350,1.5,1014,1
7/4/22 1:40,19.48,60,350,0.5,1014.1,1
7/4/22 1:45,19.44,60.3,351,0.5,1014,1
7/4/22 1:50,19.27,60.9,348,0.5,1014,1
7/4/22 1:55,19.17,61.2,345,0,1014.1,1
7/4/22 2:00,18.87,62,344,0,1014.1,1
7/4/22 2:05,18.82,62.2,7,0,1014.2,1
7/4/22 2:10,18.58,63.1,11,0,1014,1
7/4/22 2:15,18.41,63.6,355,0,1014.1,1
7/4/22 2:20,18.53,63.7,352,0,1014,1
7/4/22 2:25,18.68,63.6,13,0,1014,1
7/4/22 2:30,18.68,63.7,3,0.5,1014.2,1
7/4/22 2:35,18.68,63.7,8,0.5,1014.3,1
7/4/22 2:40,18.53,64.2,1,0,1014.2,1
7/4/22 2:45,18.46,64.8,1,0.5,1014.3,1
7/4/22 2:50,18.25,65.2,13,0,1014.3,1
7/4/22 2:55,18.01,66,1,0,1014.2,1
7/4/22 3:00,17.82,66.6,355,0,1014.2,1
7/4/22 3:05,18.03,66.6,352,0,1014.2,1
7/4/22 3:10,18.13,66.4,345,0.5,1014.1,1
7/4/22 3:15,18.08,66.7,345,0.5,1014.2,1
7/4/22 3:20,17.82,67.4,348,0.5,1014.3,1
7/4/22 3:25,17.75,67.5,350,0,1014.3,1
7/4/22 3:30,17.77,67.6,350,0,1014.3,1
7/4/22 3:35,17.32,68.8,350,0,1014.2,1
7/4/22 3:40,16.96,70.3,350,0,1014.5,1
7/4/22 3:45,17.15,69.3,350,0,1014.3,1
7/4/22 3:50,17.42,69.1,348,0,1014.5,1
7/4/22 3:55,16.94,70.1,345,0,1014.5,1
7/4/22 4:00,17.08,69.6,344,0,1014.6,1
7/4/22 4:05,17.18,69.4,337,0,1014.7,1
7/4/22 4:10,17.42,68.4,313,0,1014.7,1
7/4/22 4:15,17.27,69,291,0,1014.5,1
7/4/22 4:20,17.03,69.3,300,0,1014.6,1
7/4/22 4:25,16.77,70,307,0,1014.5,1
7/4/22 4:30,16.44,71.5,307,0,1014.5,1
7/4/22 4:35,16.08,72.3,307,0,1014.7,1
7/4/22 4:40,16.37,72.5,307,0,1014.7,1
7/4/22 4:45,15.96,74,307,0,1014.7,1
7/4/22 4:50,16.34,71.9,307,0,1014.7,1
7/4/22 4:55,16.56,71.5,307,0,1014.9,1
7/4/22 5:00,16.46,72,305,0,1015,1
7/4/22 5:05,16.25,72.5,303,0,1014.9,2
7/4/22 5:10,16.22,72.9,303,0,1015,3
7/4/22 5:15,16.3,72.4,303,0,1014.9,4
7/4/22 5:20,16.39,72.4,305,0,1015,8
7/4/22 5:25,16.77,71.1,306,0,1015.1,8
7/4/22 5:30,16.65,71.5,310,0,1015,13
7/4/22 5:35,16.77,71.5,307,0,1015.1,17
7/4/22 5:40,16.84,71.3,300,0.5,1015.3,18
7/4/22 5:45,16.77,70.8,316,0,1015.1,28
7/4/22 5:50,17.06,69.5,327,0,1015.1,23
7/4/22 5:55,16.8,70.3,326,0,1015,17
7/4/22 6:00,16.65,71,320,0,1015.1,18
7/4/22 6:05,16.7,71.4,320,0,1015.1,29
7/4/22 6:10,18.3,68.5,324,0,1015,119
7/4/22 6:15,18.15,68.3,303,0.5,1015.2,94
7/4/22 6:20,18.79,67.6,337,0.5,1015.3,144
7/4/22 6:25,19.46,67,303,0.5,1015.5,156
7/4/22 6:30,19.72,66.1,307,0.5,1015.5,169
7/4/22 6:35,20.7,64.2,314,0,1015.3,184
7/4/22 6:40,21.72,62.2,323,0,1015.2,199
7/4/22 6:45,22.3,60.9,323,0,1015.2,208
7/4/22 6:50,22.68,58.7,323,0,1015.1,223
7/4/22 6:55,23.42,55.5,327,0,1015.1,241
7/4/22 7:00,23.4,54.3,333,0,1015,252
7/4/22 7:05,22.37,54.4,351,1,1015,267
7/4/22 7:10,22.61,53.1,352,1,1015.2,281
7/4/22 7:15,22.58,52.4,351,1.5,1015.4,294
7/4/22 7:20,23.5,51,338,0.5,1015.2,318
7/4/22 7:25,23.93,49.8,324,0.5,1015.2,342
7/4/22 7:30,24.34,49.1,333,0.5,1015.3,338
7/4/22 7:35,24.7,48.4,333,0,1015.2,348
7/4/22 7:40,26.11,46.2,338,0,1015.2,408
7/4/22 7:45,25.65,45.8,314,0,1015.3,488
7/4/22 7:50,25.5,46,347,1,1015.4,288
7/4/22 7:55,24.24,48.1,352,1.5,1015.2,413
7/4/22 8:00,24.92,47.2,350,1.5,1015.3,502
7/4/22 8:05,26.94,44.9,351,0.5,1015.4,429
7/4/22 8:10,27.23,44.3,355,0,1015.3,534
7/4/22 8:15,26.16,44,354,0.5,1015.2,413
7/4/22 8:20,25.21,45.4,1,1.5,1015.3,421
7/4/22 8:25,25.79,45,352,1.5,1015.4,503
7/4/22 8:30,26.4,44.9,354,1.5,1015.5,533
7/4/22 8:35,26.52,44.2,355,1.5,1015.3,566
7/4/22 8:40,27.16,43.7,347,1,1015.3,553
7/4/22 8:45,27.7,42.8,337,0.5,1015.2,547
7/4/22 8:50,27.97,42.9,338,1,1015.2,552
7/4/22 8:55,28.12,42.9,3,1,1015.1,557
7/4/22 9:00,28.12,42.7,1,1,1015,593
7/4/22 9:05,27.46,43.1,350,1.5,1015.1,604
7/4/22 9:10,28.69,40.8,340,0.5,1015.1,618
7/4/22 9:15,28.3,41.4,341,1.5,1015.1,646
7/4/22 9:20,30.37,39.2,323,0,1015,643
7/4/22 9:25,30.32,39.2,344,0.5,1015,656
7/4/22 9:30,30.85,37.1,331,0.5,1015.1,667
7/4/22 9:35,32.36,36.8,215,0,1015,682
7/4/22 9:40,29.97,36.6,355,1.5,1015.1,697
7/4/22 9:45,29.07,37.8,352,2.5,1015.2,706
7/4/22 9:50,29.87,37.3,354,1.5,1015.2,714
7/4/22 9:55,29.84,36.7,8,1.5,1015.3,731
7/4/22 10:00,30.32,36.1,1,1.5,1015.2,732
7/4/22 10:05,30.14,35.8,333,2,1015.2,756
7/4/22 10:10,31.41,33.6,354,1.5,1015.2,771
7/4/22 10:15,30.6,33.9,355,2.5,1015.1,787
7/4/22 10:20,30.55,33.6,355,2,1015.1,789
7/4/22 10:25,30.77,33.4,1,2,1015.2,784
7/4/22 10:30,30.92,32.3,350,2,1015.3,819
7/4/22 10:35,32.82,30.3,38,0.5,1015.2,832
7/4/22 10:40,32.41,30.2,334,1,1015.4,839
7/4/22 10:45,31.28,32.2,331,2,1015.4,819
7/4/22 10:50,30.27,33,312,2.5,1015.4,843
7/4/22 10:55,31.33,31.2,319,2,1015.4,856
7/4/22 11:00,31.64,30.5,345,2.5,1015.5,869
7/4/22 11:05,31.26,30.9,344,2.5,1015.5,881
7/4/22 11:10,32.18,29.6,324,1.5,1015.4,892
7/4/22 11:15,31.43,30.3,330,2,1015.4,902
7/4/22 11:20,31.87,29.8,309,2,1015.4,917
7/4/22 11:25,31.92,29.6,334,2.5,1015.5,929
7/4/22 11:30,32.41,29.1,354,2.5,1015.6,937
7/4/22 11:35,32.33,29.2,345,2.5,1015.5,953
7/4/22 11:40,31.94,29.9,338,2.5,1015.4,971
7/4/22 11:45,32.05,30.2,354,3,1015.4,1029
7/4/22 11:50,34.41,28.2,347,1.5,1015.4,1003
7/4/22 11:55,32.46,30.7,319,2.5,1015.3,1007
7/4/22 12:00,33.21,30.2,316,2,1015.3,1013
7/4/22 12:05,31.38,29.1,310,2.5,1015.4,1041
7/4/22 12:10,31.46,29.5,309,3.5,1015.4,1037
7/4/22 12:15,34.15,27.4,286,1.5,1015.3,1033
7/4/22 12:20,32.87,28.9,355,3,1015.4,1046
7/4/22 12:25,35.31,27.4,327,1,1015.5,1053
7/4/22 12:30,35.48,26.9,324,1.5,1015.3,1089
7/4/22 12:35,33.76,27.3,320,2,1015.5,1074
7/4/22 12:40,34.23,27.4,341,2.5,1015.5,1086
7/4/22 12:45,34.02,27.4,327,2,1015.5,1077
7/4/22 12:50,34.28,26.4,340,2,1015.4,1079
7/4/22 12:55,34.33,27,321,2,1015.3,1071
7/4/22 13:00,34.41,27.3,295,1.5,1015.4,1069
7/4/22 13:05,32.25,30.1,299,1,1015.2,172
7/4/22 13:10,31.31,30.9,351,3,1015.3,211
7/4/22 13:15,31.23,31.7,340,2,1015.2,1129
7/4/22 13:20,32.61,28.4,337,3,1015.2,1121
7/4/22 13:25,34.65,27.2,306,2,1015.1,1146
7/4/22 13:30,34.62,26,334,2,1015,1134
7/4/22 13:35,35.08,27.3,0,3,1014.9,249
7/4/22 13:40,32.51,30.5,310,1.5,1014.9,724
7/4/22 13:45,30.17,32.1,355,2.5,1015,284
7/4/22 13:50,29.49,34.1,352,2.5,1014.7,488
7/4/22 13:55,32.3,30,321,1.5,1014.9,196
7/4/22 14:00,28.92,33.9,312,1.5,1014.7,206
7/4/22 14:05,29.24,33,300,1.5,1014.9,321
7/4/22 14:10,30.07,32.9,314,0.5,1014.5,323
7/4/22 14:15,30.52,32.8,334,1,1014.3,541
7/4/22 14:20,34.94,27.4,352,0.5,1014.4,497
7/4/22 14:25,33.37,27.6,348,2,1014.2,201
7/4/22 14:30,28.94,33.4,345,2.5,1014.3,193
7/4/22 14:35,28.57,33.9,347,2.5,1014.2,236
7/4/22 14:40,30.98,31.9,355,1.5,1014.1,313
7/4/22 14:45,34.31,26.3,303,1,1014.2,952
7/4/22 14:50,35.21,25.7,307,1,1014,876
7/4/22 14:55,30.9,29.2,271,0.5,1014,129
7/4/22 15:00,29.02,33.3,355,1.5,1014.1,179
7/4/22 15:05,29.94,31.8,289,0.5,1014.1,256
7/4/22 15:10,32.74,27.4,327,1.5,1014.1,864
7/4/22 15:15,30.32,30.6,336,2,1014.1,203
7/4/22 15:20,32.41,30.2,329,1,1013.8,918
7/4/22 15:25,34.44,26.4,348,2.5,1013.9,848
7/4/22 15:30,31.94,28.8,333,1.5,1014.2,164
7/4/22 15:35,31.97,28.5,314,1.5,1014,869
7/4/22 15:40,34.15,26.1,306,1,1013.9,843
7/4/22 15:45,33.73,27.1,306,2,1014,798
7/4/22 15:50,32.15,28.4,338,2,1014.1,787
7/4/22 15:55,34.52,26.5,343,2,1013.9,814
7/4/22 16:00,31.74,28.2,330,1.5,1013.9,444
7/4/22 16:05,32.43,27.2,312,3,1013.8,731
7/4/22 16:10,30.55,29.6,307,1.5,1013.9,336
7/4/22 16:15,29.77,30.3,313,2,1013.8,266
7/4/22 16:20,29.97,30.7,298,1.5,1013.8,713
7/4/22 16:25,29.46,32.2,313,2,1013.8,234
7/4/22 16:30,29.44,32.1,352,1,1013.8,259
7/4/22 16:35,31.82,30,327,1.5,1013.8,746
7/4/22 16:40,29.49,32.1,345,2,1013.9,211
7/4/22 16:45,28.79,32.5,293,1,1013.9,167
7/4/22 16:50,28.67,32.9,313,1,1013.5,171
7/4/22 16:55,28.92,32.6,305,1.5,1013.4,718
7/4/22 17:00,29.97,31.3,317,2.5,1013.5,647
7/4/22 17:05,30.22,30.4,316,2.5,1013.6,598
7/4/22 17:10,30.02,31,321,3,1013.6,549
7/4/22 17:15,29.94,31.3,309,2,1013.6,476
7/4/22 17:20,29.16,32.2,320,2.5,1013.7,471
7/4/22 17:25,28.15,33.3,317,2.5,1013.6,253
7/4/22 17:30,28.3,33.2,321,2.5,1013.5,178
7/4/22 17:35,28.47,34,319,1.5,1013.5,179
7/4/22 17:40,28.57,33.9,340,1,1013.4,206
7/4/22 17:45,28.3,34.6,331,1.5,1013.4,162
7/4/22 17:50,29.19,31.4,307,1.5,1013.4,451
7/4/22 17:55,29.36,30.8,314,1,1013.5,374
7/4/22 18:00,28.69,32,303,2,1013.5,341
7/4/22 18:05,29.26,31.8,319,1.5,1013.5,329
7/4/22 18:10,29.34,31.4,344,1.5,1013.3,278
7/4/22 18:15,28.25,33.3,324,2.5,1013.5,174
7/4/22 18:20,27.75,35.6,321,1.5,1013.4,68
7/4/22 18:25,26.96,36.8,4,1.5,1013.6,79
7/4/22 18:30,26.87,36.9,344,1,1013.4,86
7/4/22 18:35,26.94,37.8,352,1,1013.5,102
7/4/22 18:40,27.31,36.6,348,2,1013.4,142
7/4/22 18:45,27.46,36.9,350,1.5,1013.5,136
7/4/22 18:50,27.58,36.4,344,2,1013.6,172
7/4/22 18:55,27.6,37.3,326,1,1013.6,129
7/4/22 19:00,28.69,35.4,327,0.5,1013.6,196
7/4/22 19:05,28.12,36.8,316,0.5,1013.5,169
7/4/22 19:10,27.9,37,327,0.5,1013.4,108
7/4/22 19:15,26.96,39,312,1,1013.5,57
7/4/22 19:20,26.33,40.3,313,0.5,1013.7,44
7/4/22 19:25,26.45,39.6,350,0,1013.7,43
7/4/22 19:30,26.4,39.9,334,0.5,1013.8,58
7/4/22 19:35,26.28,39.8,336,0.5,1013.7,53
7/4/22 19:40,26.18,40.6,347,0.5,1013.6,42
7/4/22 19:45,26.16,41.6,338,0,1013.7,41
7/4/22 19:50,26.04,42,314,0,1013.7,47
7/4/22 19:55,25.62,42.2,313,0,1013.6,23
7/4/22 20:00,24.97,43.2,316,0,1013.7,16
7/4/22 20:05,24.48,44.1,316,0,1013.6,12
7/4/22 20:10,24.32,44.3,316,0,1013.5,8
7/4/22 20:15,24.12,45,316,0,1013.6,6
7/4/22 20:20,23.59,46.1,316,0,1013.5,3
7/4/22 20:25,23.66,46.4,316,0,1013.6,1
7/4/22 20:30,23.45,46.5,316,0,1013.7,1
7/4/22 20:35,23.09,47.6,316,0,1013.6,1
7/4/22 20:40,23.11,47.4,316,0,1013.7,1
7/4/22 20:45,22.99,47.8,316,0,1013.8,1
7/4/22 20:50,22.99,47.9,316,0,1013.9,1
7/4/22 20:55,22.75,49.3,316,0,1014,1
7/4/22 21:00,22.7,49,316,0,1014,1
7/4/22 21:05,23.33,48.2,305,0,1014.1,1
7/4/22 21:10,23.33,48.3,299,0,1014.1,1
7/4/22 21:15,23.04,49.3,302,0,1014.1,1
7/4/22 21:20,23.04,49.4,302,0,1014.3,1
7/4/22 21:25,22.73,50.5,302,0,1014.4,1
7/4/22 21:30,23.21,50.3,296,0,1014.6,1
7/4/22 21:35,23.02,51.2,292,0,1014.8,1
7/4/22 21:40,23.18,51.4,265,0.5,1014.8,1
7/4/22 21:45,22.9,52.1,284,0.5,1014.7,1
7/4/22 21:50,22.63,53.3,298,0,1014.6,1
7/4/22 21:55,22.56,53.9,306,0.5,1014.6,1
7/4/22 22:00,22.61,54,320,0.5,1014.8,1
7/4/22 22:05,22.56,53.9,305,0.5,1014.7,1
7/4/22 22:10,22.35,54.4,303,0.5,1014.8,1
7/4/22 22:15,22.39,54.4,303,1,1014.8,1
7/4/22 22:20,22.15,55.9,282,0,1014.7,1
7/4/22 22:25,22.06,56.8,271,0,1014.8,1
7/4/22 22:30,22.11,57.3,275,0.5,1014.9,1
7/4/22 22:35,22.2,56.8,296,0.5,1014.8,1
7/4/22 22:40,22.18,57.3,299,1,1014.9,1
7/4/22 22:45,22.15,56.7,298,1,1014.8,1
7/4/22 22:50,22.13,56.3,300,1,1014.8,1
7/4/22 22:55,21.96,56.6,307,0.5,1014.8,1
7/4/22 23:00,21.82,56.9,305,0,1014.7,1
7/4/22 23:05,21.49,57.7,303,0,1014.8,1
7/4/22 23:10,21.27,58.3,303,0,1014.8,1
7/4/22 23:15,21.44,57.9,303,0,1014.8,1
7/4/22 23:20,21.53,57.9,302,0,1014.8,1
7/4/22 23:25,21.51,58.1,300,0,1014.9,1
7/4/22 23:30,21.34,58.6,300,0,1015,1
7/4/22 23:35,21.41,58.6,300,0,1014.8,1
7/4/22 23:40,21.25,58.8,300,0,1014.7,1
7/4/22 23:45,20.82,60.2,300,0,1014.8,1
7/4/22 23:50,20.6,60.3,300,0,1014.7,1
7/4/22 23:55,20.82,60.2,300,0,1014.6,1
8/30/22 0:00,22.94,85.7,229,1.5,1012.4,1
8/30/22 0:05,22.92,85.7,230,1.5,1012.1,1
8/30/22 0:10,22.73,86.2,234,1,1012.3,1
8/30/22 0:15,22.73,86.6,225,0.5,1012.3,1
8/30/22 0:20,22.85,86.3,236,1.5,1012.2,1
8/30/22 0:25,22.68,86.6,247,1.5,1012.2,1
8/30/22 0:30,22.7,86.8,233,1.5,1012.1,1
8/30/22 0:35,22.73,87,226,1.5,1012.2,1
8/30/22 0:40,22.51,87.3,230,1,1012,1
8/30/22 0:45,22.58,87.4,244,1,1012.1,1
8/30/22 0:50,22.32,88.1,257,0.5,1012.1,1
8/30/22 0:55,22.56,87.8,216,1.5,1012.1,1
8/30/22 1:00,22.49,87.9,240,1,1012.2,1
8/30/22 1:05,22.51,88.1,229,1.5,1012,1
8/30/22 1:10,22.51,88.2,222,1,1012,1
8/30/22 1:15,22.44,88.4,226,1,1012,1
8/30/22 1:20,22.37,88.5,227,1,1012,1
8/30/22 1:25,22.47,88.4,237,1.5,1012.1,1
8/30/22 1:30,22.42,88.6,225,1.5,1012,1
8/30/22 1:35,22.39,88.8,220,1.5,1012,1
8/30/22 1:40,22.25,89.2,225,2,1011.9,1
8/30/22 1:45,22.11,89.6,209,1,1011.9,1
8/30/22 1:50,22.2,89.8,215,1,1011.8,1
8/30/22 1:55,22.2,89.9,215,2,1011.7,1
8/30/22 2:00,21.96,90.3,220,1,1011.7,1
8/30/22 2:05,21.94,90.9,229,0.5,1011.7,1
8/30/22 2:10,22.06,91,237,1,1011.4,1
8/30/22 2:15,22.03,90.9,223,1.5,1011.6,1
8/30/22 2:20,22.01,91.1,227,1.5,1011.4,1
8/30/22 2:25,21.94,91.2,223,1,1011.4,1
8/30/22 2:30,21.84,91.3,230,1,1011.3,1
8/30/22 2:35,21.94,91.4,220,1,1011.2,1
8/30/22 2:40,21.75,91.7,225,0.5,1011.3,1
8/30/22 2:45,21.87,91.4,211,1,1011.2,1
8/30/22 2:50,21.96,91.5,206,1.5,1011.1,1
8/30/22 2:55,21.94,91.4,225,1,1011.1,1
8/30/22 3:00,21.77,92,219,0,1010.8,1
8/30/22 3:05,21.84,91.9,213,1,1010.8,1
8/30/22 3:10,21.89,91.7,220,1,1010.7,1
8/30/22 3:15,21.82,91.6,225,1,1010.6,1
8/30/22 3:20,21.94,91.7,222,1,1010.6,1
8/30/22 3:25,21.96,91.6,226,1.5,1010.5,1
8/30/22 3:30,21.87,91.7,226,1,1010.6,1
8/30/22 3:35,21.94,92,211,1,1010.4,1
8/30/22 3:40,21.91,91.9,225,1.5,1010.4,1
8/30/22 3:45,21.72,92.2,212,0.5,1010.4,1
8/30/22 3:50,21.84,92.3,230,0.5,1010.3,1
8/30/22 3:55,21.87,92.1,225,1.5,1010.2,1
8/30/22 4:00,21.89,92.3,215,1,1010.1,1
8/30/22 4:05,21.89,92,226,2,1010.2,1
8/30/22 4:10,21.82,92.5,229,1,1010.1,1
8/30/22 4:15,21.77,92.9,211,1,1009.9,1
8/30/22 4:20,21.84,92.7,226,1,1010,1
8/30/22 4:25,21.77,92.7,236,1,1010.1,1
8/30/22 4:30,21.89,92.7,260,1,1010.3,1
8/30/22 4:35,21.91,92.6,236,1.5,1010.2,1
8/30/22 4:40,21.87,92.6,229,1.5,1010.2,1
8/30/22 4:45,21.96,92.7,237,2,1010,1
8/30/22 4:50,21.96,92.9,216,2,1010.1,1
8/30/22 4:55,21.82,93,223,1,1010.1,1
8/30/22 5:00,21.87,93.1,226,1.5,1010.1,1
8/30/22 5:05,21.89,92.9,225,2,1010.1,1
8/30/22 5:10,21.96,92.9,226,1.5,1010.2,1
8/30/22 5:15,21.91,92.7,233,1.5,1010.2,1
8/30/22 5:20,21.96,92.8,244,1.5,1010.3,1
8/30/22 5:25,21.96,93,239,1.5,1010.1,1
8/30/22 5:30,21.99,92.8,226,2.5,1010.1,1
8/30/22 5:35,22.01,92.8,227,2,1010.1,1
8/30/22 5:40,22.03,92.6,233,2,1010,1
8/30/22 5:45,21.96,92.9,233,1.5,1010.1,1
8/30/22 5:50,21.91,92.9,244,1,1010.1,1
8/30/22 5:55,21.96,92.6,240,1.5,1010,1
8/30/22 6:00,21.91,93,226,1,1010.2,2
8/30/22 6:05,21.94,92.7,225,1.5,1010.2,3
8/30/22 6:10,22.06,92.6,222,2,1010.1,7
8/30/22 6:15,22.15,92.2,219,2,1010.2,12
8/30/22 6:20,22.27,91.4,232,1.5,1010.2,18
8/30/22 6:25,22.44,90.7,239,1.5,1010.3,26
8/30/22 6:30,22.58,90.1,236,1,1010.3,34
8/30/22 6:35,22.78,89.4,237,1.5,1010.4,46
8/30/22 6:40,22.97,88.7,234,1.5,1010.4,57
8/30/22 6:45,23.14,87.5,225,1,1010.4,71
8/30/22 6:50,23.45,86.6,233,1.5,1010.4,83
8/30/22 6:55,23.88,85.2,219,0.5,1010.2,94
8/30/22 7:00,24.15,84.4,223,1,1010.3,107
8/30/22 7:05,24.19,83.7,240,1,1010.4,121
8/30/22 7:10,24.46,82.8,216,1,1010.1,134
8/30/22 7:15,24.56,82.1,219,1.5,1010,147
8/30/22 7:20,24.7,82.1,225,1.5,1009.9,163
8/30/22 7:25,24.9,80.7,215,2,1009.7,177
8/30/22 7:30,24.6,81.4,218,3,1009.8,192
8/30/22 7:35,25.5,79.1,222,1,1009.6,204
8/30/22 7:40,25.14,79.3,233,2.5,1009.9,217
8/30/22 7:45,25.72,77.5,229,1.5,1009.9,234
8/30/22 7:50,25.99,76.3,240,1.5,1009.9,247
8/30/22 7:55,25.87,76.3,240,2.5,1009.8,264
8/30/22 8:00,26.5,75,233,2,1009.7,278
8/30/22 8:05,26.26,75.2,239,2.5,1009.7,292
8/30/22 8:10,26.89,74.1,248,2,1009.4,304
8/30/22 8:15,27.78,72.1,256,1,1009.6,319
8/30/22 8:20,27.92,70.4,243,1,1009.5,332
8/30/22 8:25,27.43,71.6,240,1.5,1009.8,351
8/30/22 8:30,28.49,68.7,272,0.5,1009.7,358
8/30/22 8:35,28.99,68.5,254,1.5,1009.6,377
8/30/22 8:40,28.72,67.4,256,0.5,1009.6,396
8/30/22 8:45,28.34,69.5,265,1,1009.6,418
8/30/22 8:50,28.12,69.2,253,1.5,1009.5,421
8/30/22 8:55,29.19,67.4,240,1.5,1009.4,433
8/30/22 9:00,29.44,66,244,1.5,1009.4,447
8/30/22 9:05,29.44,65.4,250,2,1009.2,462
8/30/22 9:10,30.67,63.7,254,0.5,1009.3,474
8/30/22 9:15,30.42,63,226,1.5,1009.2,489
8/30/22 9:20,30.62,63.4,218,1.5,1009.2,502
8/30/22 9:25,31.05,61.6,239,1.5,1009.3,511
8/30/22 9:30,31.79,60.6,219,1.5,1009.3,527
8/30/22 9:35,32.43,59.4,234,1,1009.2,539
8/30/22 9:40,31.33,60.6,272,1.5,1009.1,552
8/30/22 9:45,33.13,56.7,277,0.5,1009.2,564
8/30/22 9:50,33.39,57,284,0.5,1009.2,576
8/30/22 9:55,32.72,57.4,261,1,1009,592
8/30/22 10:00,32.15,57.5,260,1.5,1009.2,596
8/30/22 10:05,32.46,57.5,267,1.5,1009,608
8/30/22 10:10,33.08,56.9,251,1.5,1009,604
8/30/22 10:15,33.6,53.5,205,1,1008.9,628
8/30/22 10:20,32.92,55.2,241,2,1009,643
8/30/22 10:25,32.18,55.9,247,2,1008.9,653
8/30/22 10:30,32.43,56.4,243,3,1008.9,664
8/30/22 10:35,33.91,54.6,268,1.5,1009,693
8/30/22 10:40,33.99,52.9,232,2,1008.9,716
8/30/22 10:45,33.13,54.8,230,2.5,1008.9,724
8/30/22 10:50,33.21,53.9,251,2,1008.8,688
8/30/22 10:55,32.79,54.6,244,3,1008.7,714
8/30/22 11:00,33.44,53.1,256,2,1008.5,712
8/30/22 11:05,34.12,52.5,227,3,1008.5,723
8/30/22 11:10,34.68,51.2,223,1.5,1008.6,743
8/30/22 11:15,34.26,50.9,230,2.5,1008.2,744
8/30/22 11:20,34.23,50.7,225,2.5,1008.1,742
8/30/22 11:25,34.04,49.7,225,3,1008.2,753
8/30/22 11:30,34.33,48.9,227,3.5,1008.3,749
8/30/22 11:35,35.29,48,263,2.5,1008.1,762
8/30/22 11:40,36.04,47.1,248,2,1008.1,766
8/30/22 11:45,34.31,47.9,234,3,1008.1,781
8/30/22 11:50,35.29,47.6,250,2.5,1008.1,781
8/30/22 11:55,36.34,45.9,222,2,1007.9,798
8/30/22 12:00,35.18,46.1,226,3.5,1007.8,714
8/30/22 12:05,34.86,45.7,229,3.5,1007.8,879
8/30/22 12:10,35.58,44.5,239,3.5,1007.7,752
8/30/22 12:15,36.23,44.7,240,3,1007.6,827
8/30/22 12:20,35.96,43.8,230,3,1007.5,691
8/30/22 12:25,36.55,44.9,251,2,1007.6,732
8/30/22 12:30,38.2,41.1,211,1,1007.5,827
8/30/22 12:35,37.37,42,256,2,1007.3,844
8/30/22 12:40,36.63,42.1,236,2,1007.2,841
8/30/22 12:45,35.61,44.1,243,3,1007.2,434
8/30/22 12:50,36.88,43.5,251,2.5,1007.2,827
8/30/22 12:55,38.42,40.4,230,1.5,1007,843
8/30/22 13:00,37.59,42,219,2.5,1006.9,817
8/30/22 13:05,37.07,42.2,230,2,1006.8,828
8/30/22 13:10,38.2,41,250,2.5,1006.8,824
8/30/22 13:15,38,40.5,267,1,1006.8,754
8/30/22 13:20,37.7,41,223,2.5,1006.7,833
8/30/22 13:25,35.21,45.1,218,3.5,1006.7,563
8/30/22 13:30,36.31,43.2,239,2,1006.7,689
8/30/22 13:35,34.92,44.7,227,3.5,1006.8,523
8/30/22 13:40,36.71,42.2,227,3,1006.6,851
8/30/22 13:45,37.12,42.3,241,2.5,1006.5,821
8/30/22 13:50,37.04,41.8,241,2.5,1006.5,816
8/30/22 13:55,36.88,41.3,241,3,1006.5,809
8/30/22 14:00,37.78,41.9,229,2.5,1006.2,721
8/30/22 14:05,36.42,43,219,3.5,1006.3,776
8/30/22 14:10,36.69,42.4,226,2.5,1006,763
8/30/22 14:15,37.78,41.2,212,2.5,1005.9,754
8/30/22 14:20,36.01,43,229,3.5,1005.7,746
8/30/22 14:25,37.04,41.4,205,3,1005.7,752
8/30/22 14:30,35.66,43.1,223,4.5,1005.7,752
8/30/22 14:35,36.2,42.7,229,3.5,1005.8,701
8/30/22 14:40,36.93,40.9,222,2.5,1005.7,671
8/30/22 14:45,38.2,38.7,229,1.5,1005.5,736
8/30/22 14:50,36.96,41.4,220,3.5,1005.5,709
8/30/22 14:55,38,42.6,206,2.5,1005.4,723
8/30/22 15:00,36.66,44.4,198,2.5,1005.4,672
8/30/22 15:05,35.93,46.2,198,2.5,1005.3,463
8/30/22 15:10,36.36,45.3,194,3,1005.2,671
8/30/22 15:15,37.29,44.5,205,2.5,1005.4,654
8/30/22 15:20,36.71,45.1,194,3,1005.3,633
8/30/22 15:25,36.44,45.8,206,3.5,1005.2,619
8/30/22 15:30,35.82,46.5,208,3,1005.2,602
8/30/22 15:35,35.74,46.3,204,3,1005,584
8/30/22 15:40,35.39,47.3,206,3.5,1004.9,576
8/30/22 15:45,35.98,46.2,208,3,1004.9,552
8/30/22 15:50,35.98,46.9,202,2.5,1005,549
8/30/22 15:55,36.28,45.8,209,2,1004.9,539
8/30/22 16:00,35.23,48.3,223,2.5,1004.8,523
8/30/22 16:05,35.45,47.4,199,2.5,1004.7,514
8/30/22 16:10,36.01,47.3,206,2.5,1004.9,513
8/30/22 16:15,34.62,49,211,3,1004.9,511
8/30/22 16:20,35.5,48.2,209,3.5,1004.8,479
8/30/22 16:25,34.44,49.6,208,3,1004.6,461
8/30/22 16:30,34.18,50,201,3,1004.6,441
8/30/22 16:35,33.84,50.2,222,2.5,1004.7,423
8/30/22 16:40,32.59,53.2,212,3,1004.8,427
8/30/22 16:45,32.43,53.2,237,3,1004.8,414
8/30/22 16:50,32.56,54,236,3,1004.6,386
8/30/22 16:55,32.61,54.1,201,2,1004.5,367
8/30/22 17:00,32.2,54.6,206,3,1004.7,357
8/30/22 17:05,31.84,54.7,212,3,1004.5,336
8/30/22 17:10,31.61,55.2,205,2,1004.6,323
8/30/22 17:15,30.75,57.4,205,3,1004.5,308
8/30/22 17:20,31.08,57.3,198,2.5,1004.4,293
8/30/22 17:25,30.32,59.1,213,3,1004.4,278
8/30/22 17:30,29.97,59.7,198,3.5,1004.4,247
8/30/22 17:35,29.66,59.8,201,3.5,1004.4,248
8/30/22 17:40,29.59,58.8,185,4,1004.3,231
8/30/22 17:45,29.59,58.9,204,3.5,1004.5,162
8/30/22 17:50,29.29,60.1,199,2.5,1004.6,64
8/30/22 17:55,28.54,63,190,3,1004.6,32
8/30/22 18:00,28.12,64.4,204,3,1004.7,27
8/30/22 18:05,27.85,65.1,198,3,1004.8,27
8/30/22 18:10,27.58,65.9,208,3,1004.6,29
8/30/22 18:15,27.46,66.4,205,2.5,1004.7,29
8/30/22 18:20,27.28,67.1,209,3,1004.9,28
8/30/22 18:25,27.16,67.9,209,3.5,1004.8,28
8/30/22 18:30,27.09,68.1,199,2,1004.7,28
8/30/22 18:35,26.92,69.1,202,3,1004.8,29
8/30/22 18:40,26.92,69.3,205,2.5,1004.7,38
8/30/22 18:45,26.77,69.7,204,2,1004.8,24
8/30/22 18:50,26.6,70.4,202,3.5,1004.5,18
8/30/22 18:55,26.48,71,204,1.5,1004.7,13
8/30/22 19:00,26.3,71.7,216,2,1004.6,9
8/30/22 19:05,26.18,72.5,201,2,1004.7,4
8/30/22 19:10,26.06,73.2,209,3,1004.6,2
8/30/22 19:15,25.99,74,202,2,1004.7,1
8/30/22 19:20,25.82,74.5,197,1.5,1004.8,1
8/30/22 19:25,25.77,75.5,209,2,1004.9,1
8/30/22 19:30,25.6,76.4,208,2.5,1004.8,1
8/30/22 19:35,25.48,76.8,215,2.5,1004.8,1
8/30/22 19:40,25.5,77.1,201,2,1004.8,1
8/30/22 19:45,25.43,77.7,197,2,1004.9,1
8/30/22 19:50,25.33,78.4,198,1.5,1004.9,1
8/30/22 19:55,25.23,78.6,198,2,1004.8,1
8/30/22 20:00,25.26,79.2,208,2,1004.9,1
8/30/22 20:05,25.06,79.6,198,1,1005.1,1
8/30/22 20:10,25.14,79.9,209,2,1005,1
8/30/22 20:15,25.09,80,219,3,1005.2,1
8/30/22 20:20,25.02,80.7,204,1.5,1005.1,1
8/30/22 20:25,24.82,81.2,205,0.5,1005.2,1
8/30/22 20:30,24.82,81.5,213,1.5,1005,1
8/30/22 20:35,24.75,81.8,192,1,1005,1
8/30/22 20:40,24.63,82.3,223,1.5,1005,1
8/30/22 20:45,24.65,82.5,208,1,1004.9,1
8/30/22 20:50,24.53,83.4,218,1,1005.1,1
8/30/22 20:55,24.53,83.9,213,2,1004.9,1
8/30/22 21:00,24.46,84.4,199,1,1005,1
8/30/22 21:05,24.44,84.8,213,2,1004.9,1
8/30/22 21:10,24.27,85.3,223,1,1004.9,1
8/30/22 21:15,24.41,85.1,208,1.5,1004.9,1
8/30/22 21:20,24.44,85.4,197,2,1004.8,1
8/30/22 21:25,24.39,85.9,208,1.5,1004.8,1
8/30/22 21:30,24.27,86.1,194,1,1004.8,1
8/30/22 21:35,24.29,86.5,209,1,1004.8,1
8/30/22 21:40,24.15,86.9,213,1,1004.7,1
8/30/22 21:45,24.17,87.2,216,1,1004.8,1
8/30/22 21:50,24.15,87.5,204,1.5,1004.8,1
8/30/22 21:55,24.27,87.3,191,1.5,1004.7,1
8/30/22 22:00,24.22,87.6,218,1,1004.7,1
8/30/22 22:05,24.19,88,209,1.5,1004.7,1
8/30/22 22:10,24.07,88.4,197,0.5,1004.7,1
8/30/22 22:15,24.03,88.5,211,0.5,1004.5,1
8/30/22 22:20,24.1,88.6,212,1,1004.4,1
8/30/22 22:25,24.03,88.7,216,1,1004.4,1
8/30/22 22:30,23.91,89.1,206,0.5,1004.6,1
8/30/22 22:35,24,88.8,198,1,1004.5,1
8/30/22 22:40,24.17,88.3,188,0.5,1004.4,1
8/30/22 22:45,24.22,88,175,0,1004.4,1
8/30/22 22:50,24.15,88.4,185,0.5,1004.4,1
8/30/22 22:55,24,88.8,197,0.5,1004.3,1
8/30/22 23:00,23.79,89.1,205,0,1004.2,1
8/30/22 23:05,23.83,89.2,188,0.5,1004.3,1
8/30/22 23:10,23.86,89.3,194,0.5,1004.1,1
8/30/22 23:15,23.88,89,185,1,1004.1,1
8/30/22 23:20,23.86,89.2,187,1,1003.9,1
8/30/22 23:25,23.64,89.6,198,0.5,1004,1
8/30/22 23:30,23.79,89.7,197,1,1004,1
8/30/22 23:35,23.74,90,187,0.5,1004,1
8/30/22 23:40,23.76,90.1,185,0.5,1004,1
8/30/22 23:45,23.71,90.1,187,0.5,1004,1
8/30/22 23:50,23.69,90.4,190,1,1003.9,1
8/30/22 23:55,23.52,90.8,202,0,1003.9,1
2/1/23 0:01,-5.7,47.7,13,0.5,1021.5,1
2/1/23 0:06,-5.79,47,34,0.5,1021.3,1
2/1/23 0:11,-5.79,46.9,32,1,1021.2,1
2/1/23 0:16,-5.7,46.5,22,2,1021.3,1
2/1/23 0:21,-5.73,47.5,27,0.5,1021.3,1
2/1/23 0:26,-5.57,46.9,0,0.5,1021.3,1
2/1/23 0:31,-5.6,46.9,29,0.5,1021.1,1
2/1/23 0:36,-5.67,46.7,20,1,1020.9,1
2/1/23 0:41,-5.64,47.6,39,1,1020.9,1
2/1/23 0:46,-5.6,46.8,41,1,1020.9,1
2/1/23 0:51,-5.6,46.2,24,1,1021,1
2/1/23 0:56,-5.64,46,15,1,1020.9,1
2/1/23 1:01,-5.51,46.2,355,1,1020.8,1
2/1/23 1:06,-5.51,45.8,299,0.5,1020.6,1
2/1/23 1:11,-5.6,45.9,32,1,1020.6,1
2/1/23 1:16,-5.67,45.5,13,1.5,1020.4,1
2/1/23 1:21,-5.73,45.3,25,2,1020.4,1
2/1/23 1:26,-5.7,45.2,25,1.5,1020.8,1
2/1/23 1:31,-5.7,44.9,8,1.5,1020.8,1
2/1/23 1:36,-5.57,45.1,345,0.5,1020.6,1
2/1/23 1:41,-5.7,45.1,32,1,1020.8,1
2/1/23 1:46,-5.79,45.1,4,1,1020.7,1
2/1/23 1:51,-5.73,44.7,7,1,1021,1
2/1/23 1:56,-5.67,44.2,20,1,1020.9,1
2/1/23 2:01,-5.73,43.9,21,1.5,1020.9,1
2/1/23 2:06,-5.76,43.6,39,2,1020.6,1
2/1/23 2:11,-5.7,43.7,41,1,1020.9,1
2/1/23 2:16,-5.73,42.5,14,1.5,1021,1
2/1/23 2:21,-5.76,42.9,11,1,1021,1
2/1/23 2:26,-5.79,43,28,0.5,1021.1,1
2/1/23 2:31,-5.7,42.8,352,0.5,1021,1
2/1/23 2:36,-5.76,42.6,341,0.5,1020.9,1
2/1/23 2:41,-5.6,43.3,312,0.5,1020.9,1
2/1/23 2:46,-5.73,42.7,336,0.5,1020.9,1
2/1/23 2:51,-5.7,42.4,331,0.5,1020.9,1
2/1/23 2:56,-5.64,42.5,32,0.5,1020.9,1
2/1/23 3:01,-5.57,42,312,1,1020.9,1
2/1/23 3:06,-5.67,42.4,326,1,1021,1
2/1/23 3:11,-5.67,41.3,321,1,1020.9,1
2/1/23 3:16,-5.67,41.8,337,0.5,1020.7,1
2/1/23 3:21,-5.64,41.7,313,1,1020.8,1
2/1/23 3:26,-5.57,42.1,326,1,1021,1
2/1/23 3:31,-5.6,42.6,334,0,1020.8,1
2/1/23 3:36,-5.51,41.5,319,0.5,1021,1
2/1/23 3:41,-5.54,41.8,305,0,1021,1
2/1/23 3:46,-5.45,41.9,303,0.5,1020.6,1
2/1/23 3:51,-5.67,41.3,310,1.5,1020.5,1
2/1/23 3:56,-5.67,41.5,317,1,1020.7,1
2/1/23 4:01,-5.7,41.3,305,1.5,1020.7,1
2/1/23 4:06,-5.7,41.6,314,0.5,1020.7,1
2/1/23 4:11,-5.79,41.3,299,1,1020.8,1
2/1/23 4:16,-5.82,41.8,296,0.5,1020.8,1
2/1/23 4:21,-5.67,41.8,347,0.5,1020.6,1
2/1/23 4:26,-5.79,41.9,354,0.5,1020.6,1
2/1/23 4:31,-5.57,42,309,1,1020.9,1
2/1/23 4:36,-5.64,41.8,316,2,1020.7,1
2/1/23 4:41,-5.57,42,317,1.5,1020.8,1
2/1/23 4:46,-5.76,41.6,310,1.5,1020.9,1
2/1/23 4:51,-5.85,42,313,1,1020.9,1
2/1/23 4:56,-5.89,42.1,319,1,1020.4,1
2/1/23 5:01,-5.76,42.5,305,1,1020.8,1
2/1/23 5:06,-5.64,42.9,323,1,1021,1
2/1/23 5:11,-5.57,42.8,306,0,1020.8,1
2/1/23 5:16,-5.51,42.7,310,1.5,1020.9,1
2/1/23 5:21,-5.54,42.6,317,1.5,1020.8,1
2/1/23 5:26,-5.48,43.3,305,1,1020.8,1
2/1/23 5:31,-5.82,43.1,320,1,1021,1
2/1/23 5:36,-5.82,43.3,316,1,1020.9,1
2/1/23 5:41,-5.67,43.3,305,1,1020.7,1
2/1/23 5:46,-5.64,43.4,302,1,1020.9,1
2/1/23 5:51,-5.64,43.5,314,1,1021,1
2/1/23 5:56,-5.64,44,312,1.5,1021.1,1
2/1/23 6:01,-5.79,44,312,1,1021,1
2/1/23 6:06,-5.79,44.3,320,1.5,1021,1
2/1/23 6:11,-5.92,44.6,319,1.5,1020.9,1
2/1/23 6:16,-6.23,44.8,307,1.5,1021,1
2/1/23 6:21,-6.26,45.4,309,0.5,1021.1,1
2/1/23 6:26,-6.33,45.7,314,1,1020.9,1
2/1/23 6:31,-6.52,45.8,326,1,1021.1,1
2/1/23 6:36,-6.64,46.5,337,0.5,1021.3,1
2/1/23 6:41,-6.83,45.8,321,1,1021.2,1
2/1/23 6:46,-6.8,45.6,307,1,1021.2,1
2/1/23 6:51,-6.74,45.8,306,0.5,1021.4,1
2/1/23 6:56,-6.77,45.9,348,0.5,1021.3,3
2/1/23 7:01,-6.58,45.7,316,1.5,1021.6,6
2/1/23 7:06,-6.48,45.9,316,1.5,1021.4,7
2/1/23 7:11,-6.58,45.6,319,1.5,1021.7,9
2/1/23 7:16,-6.55,46.1,312,1.5,1021.5,21
2/1/23 7:21,-6.55,46,310,1,1021.7,23
2/1/23 7:26,-6.48,46.3,295,0.5,1021.5,39
2/1/23 7:31,-6.26,46.3,293,1,1021.6,44
2/1/23 7:36,-4.68,44.3,302,1,1021.6,86
2/1/23 7:41,-4.17,42.9,345,0.5,1021.6,93
2/1/23 7:46,-3.84,43.2,313,0.5,1021.5,109
2/1/23 7:51,-3.48,42.5,340,0.5,1021.4,122
2/1/23 7:56,-3.06,41.8,312,1,1021.4,139
2/1/23 8:01,-3.04,41.3,352,0.5,1021.3,153
2/1/23 8:06,-2.8,41.2,45,0.5,1021.5,166
2/1/23 8:11,-1.47,41.1,41,0,1021.4,178
2/1/23 8:16,-1.33,40.6,341,0,1021.6,191
2/1/23 8:21,-1.56,41,27,1,1021.6,206
2/1/23 8:26,-1.93,40.6,302,1,1021.6,216
2/1/23 8:31,-1.87,40.1,314,1.5,1021.6,237
2/1/23 8:36,-3.75,42.2,312,1.5,1022,78
2/1/23 8:41,-1.87,42.3,302,2,1021.7,293
2/1/23 8:46,-3.48,43.5,309,1.5,1021.9,82
2/1/23 8:51,-4.68,47,310,2,1022.1,103
2/1/23 8:56,-3.75,48.1,306,1,1021.9,202
2/1/23 9:01,0.13,42.2,298,0.5,1021.8,341
2/1/23 9:06,1.04,40.1,14,0.5,1021.9,346
2/1/23 9:11,0.52,42,310,1.5,1021.7,373
2/1/23 9:16,1.21,38.6,320,0.5,1021.5,181
2/1/23 9:21,-0.03,42.5,323,1,1021.4,362
2/1/23 9:26,0.38,41.3,321,1.5,1021.6,372
2/1/23 9:31,1.02,41.3,319,0.5,1021.7,336
2/1/23 9:36,3.25,39.1,355,0.5,1021.4,414
2/1/23 9:41,2.02,40.4,316,1,1021.5,411
2/1/23 9:46,1.29,40.5,302,1.5,1021.5,413
2/1/23 9:51,2.02,40.2,277,1,1021.7,413
2/1/23 9:56,1.78,42.8,31,1.5,1021.5,419
2/1/23 10:01,1.89,41.4,39,1,1021.6,421
2/1/23 10:06,1.94,40.5,341,1,1021.4,436
2/1/23 10:11,2.88,40.5,312,1.5,1021.5,439
2/1/23 10:16,3.27,41.2,29,0.5,1021.2,446
2/1/23 10:21,2.26,41.8,41,1.5,1021.4,449
2/1/23 10:26,3.75,42.2,37,0,1021.3,457
2/1/23 10:31,4.35,40.4,345,0,1021,441
2/1/23 10:36,5.15,39.3,355,0,1021.1,467
2/1/23 10:41,3.27,39.3,292,0.5,1020.9,473
2/1/23 10:46,5.08,38.9,174,0.5,1020.8,477
2/1/23 10:51,4.58,40.3,22,1,1020.8,483
2/1/23 10:56,5.92,40.3,340,0,1020.7,487
2/1/23 11:01,4.97,39.2,37,0.5,1020.7,494
2/1/23 11:06,6.59,38.5,51,0,1020.7,508
2/1/23 11:11,6.64,36.2,34,0.5,1020.7,381
2/1/23 11:16,7.9,35.8,319,0.5,1020.5,508
2/1/23 11:21,6.48,36.6,25,0,1020.3,526
2/1/23 11:26,7.07,35.6,1,0,1020.3,526
2/1/23 11:31,6.76,36,55,0,1020,532
2/1/23 11:36,7.67,36,65,0.5,1020.1,534
2/1/23 11:41,7.77,34.8,347,0,1019.9,529
2/1/23 11:46,8.19,34.6,45,0,1019.9,527
2/1/23 11:51,5.9,34.9,258,0.5,1019.6,526
2/1/23 11:56,5.8,34.2,241,1,1019.6,526
2/1/23 12:01,4.82,34,265,1.5,1019.8,523
2/1/23 12:06,5.69,32.8,236,0.5,1019.6,519
2/1/23 12:11,5.33,35.7,258,1.5,1019.5,519
2/1/23 12:16,8.72,31.7,254,0,1019.3,514
2/1/23 12:21,6.79,31.5,274,1,1019.3,514
2/1/23 12:26,6.26,32.7,285,1,1019.2,507
2/1/23 12:31,6,32.5,299,1,1019.2,493
2/1/23 12:36,6.84,33.5,292,1,1019.1,502
2/1/23 12:41,3.88,34.8,202,0.5,1019.2,83
2/1/23 12:46,6.18,35.1,234,0.5,1019,509
2/1/23 12:51,6.84,32.5,309,1,1019,501
2/1/23 12:56,5.97,31.8,291,0.5,1018.9,532
2/1/23 13:01,7.39,31.3,173,0.5,1018.9,491
2/1/23 13:06,6.46,30.9,296,1,1018.9,481
2/1/23 13:11,5.87,31,307,1.5,1018.7,469
2/1/23 13:16,6.33,31.2,291,1.5,1018.8,458
2/1/23 13:21,5.28,30.6,248,1.5,1018.7,449
2/1/23 13:26,5.62,31.3,234,1.5,1018.7,439
2/1/23 13:31,6.36,29.7,222,1,1018.4,436
2/1/23 13:36,5.72,30.5,267,1,1018.3,429
2/1/23 13:41,4.95,31.7,277,2,1018.3,421
2/1/23 13:46,5.46,30.1,241,1,1018.3,412
2/1/23 13:51,7.09,29.7,279,1,1018.2,404
2/1/23 13:56,5.21,30.7,309,2.5,1018.3,394
2/1/23 14:01,4.19,30.7,312,1.5,1018.3,387
2/1/23 14:06,5.67,30.6,291,1.5,1018.1,378
2/1/23 14:11,5.82,29.7,317,1.5,1018.3,366
2/1/23 14:16,7.39,29.4,268,0.5,1018.3,357
2/1/23 14:21,6.23,29.4,267,1,1018.3,344
2/1/23 14:26,5.36,29.6,277,1,1018,332
2/1/23 14:31,4.79,30.1,300,2,1018.2,323
2/1/23 14:36,4.58,30.1,305,2.5,1018.3,313
2/1/23 14:41,6.76,29.5,307,1,1018.3,304
2/1/23 14:46,5.44,29.4,244,1,1018.3,291
2/1/23 14:51,4.22,29.8,300,2.5,1018.3,278
2/1/23 14:56,3.49,30.4,263,2,1018.2,266
2/1/23 15:01,3.91,30.7,296,2,1018.1,256
2/1/23 15:06,4.92,30.6,268,1,1018.2,243
2/1/23 15:11,3.38,29.7,265,1,1018.2,231
2/1/23 15:16,4.22,30.7,288,1.5,1018.2,219
2/1/23 15:21,4.3,30.2,258,0.5,1018.2,206
2/1/23 15:26,4.97,29.3,319,0,1018.1,194
2/1/23 15:31,3.96,31.1,258,1.5,1017.9,181
2/1/23 15:36,3.93,30.8,258,0.5,1018,171
2/1/23 15:41,3.56,31.5,226,0.5,1018,157
2/1/23 15:46,3.56,32.5,268,0.5,1018,144
2/1/23 15:51,2.72,33.4,286,1.5,1018,132
2/1/23 15:56,2.42,33.9,261,0.5,1018,119
2/1/23 16:01,1.72,34.8,264,1,1018.2,107
2/1/23 16:06,1.75,34.9,265,1,1018.2,92
2/1/23 16:11,-0.28,35.2,286,2,1018.3,76
2/1/23 16:16,-0.99,36.5,284,1.5,1018.4,19
2/1/23 16:21,-1.18,36.9,285,1.5,1018.6,17
2/1/23 16:26,-1.36,37.4,258,1.5,1018.4,16
2/1/23 16:31,-1.56,38.1,279,1,1018.8,14
2/1/23 16:36,-1.61,38.9,258,0.5,1018.7,12
2/1/23 16:41,-1.24,39,265,1,1018.6,9
2/1/23 16:46,-1.58,38.9,310,0.5,1018.7,7
2/1/23 16:51,-1.56,38.1,309,1.5,1018.7,4
2/1/23 16:56,-1.7,38.4,289,1,1018.7,3
2/1/23 17:01,-1.84,38.1,299,1,1018.8,1
2/1/23 17:06,-1.84,38.3,289,1.5,1018.9,1
2/1/23 17:11,-1.99,38.8,292,0.5,1019,1
2/1/23 17:16,-1.73,39,286,1,1018.9,1
2/1/23 17:21,-2.1,38.6,309,0.5,1018.9,1
2/1/23 17:26,-2.25,39.5,279,0,1018.9,1
2/1/23 17:31,-2.1,39.5,271,0.5,1019.3,1
2/1/23 17:36,-2.22,39.5,261,0,1019.4,1
2/1/23 17:41,-1.99,39.4,258,1,1019.5,1
2/1/23 17:46,-2.1,39.9,267,0.5,1019.5,1
2/1/23 17:51,-2.45,40.4,281,0,1019.5,1
2/1/23 17:56,-2.68,41,251,0,1019.5,1
2/1/23 18:01,-3.12,42.4,246,0,1019.6,1
2/1/23 18:06,-2.77,42.6,246,0,1019.5,1
2/1/23 18:11,-2.71,41.8,263,0,1019.8,1
2/1/23 18:16,-2.51,41.1,253,0,1019.7,1
2/1/23 18:21,-2.8,41.4,305,0,1019.8,1
2/1/23 18:26,-2.62,41.2,320,0,1019.8,1
2/1/23 18:31,-2.45,41.1,268,0.5,1019.6,1
2/1/23 18:36,-2.39,40.7,268,1,1019.8,1
2/1/23 18:41,-2.28,41.3,271,0.5,1019.4,1
2/1/23 18:46,-2.45,41.6,275,0.5,1019.4,1
2/1/23 18:51,-2.36,41.5,286,1,1019.5,1
2/1/23 18:56,-2.51,41.7,285,1,1019.7,1
2/1/23 19:01,-2.8,41.9,278,0.5,1019.6,1
2/1/23 19:06,-2.54,42.2,264,1,1019.7,1
2/1/23 19:11,-2.71,43,270,0.5,1020,1
2/1/23 19:16,-2.45,43,271,0.5,1020,1
2/1/23 19:21,-2.62,43.3,279,0.5,1020,1
2/1/23 19:26,-2.89,44.2,288,0.5,1019.9,1
2/1/23 19:31,-2.62,43.4,293,1,1020,1
2/1/23 19:36,-2.71,43,298,2.5,1020.1,1
2/1/23 19:41,-2.89,43.7,312,2.5,1020.2,1
2/1/23 19:46,-2.8,43.7,299,2,1020.1,1
2/1/23 19:51,-2.92,43.1,306,2.5,1020.1,1
2/1/23 19:56,-2.92,43.2,295,1,1020.2,1
2/1/23 20:01,-3.24,43.6,282,1.5,1020.1,1
2/1/23 20:06,-3.42,43.9,291,1,1020.4,1
2/1/23 20:11,-3.51,44,291,1.5,1020.5,1
2/1/23 20:16,-3.6,44.5,278,0.5,1020.4,1
2/1/23 20:21,-3.75,44.8,248,0,1020.5,1
2/1/23 20:26,-3.87,45.2,302,0.5,1020.4,1
2/1/23 20:31,-3.57,44.7,299,1,1020.4,1
2/1/23 20:36,-3.72,44.6,310,1,1020.5,1
2/1/23 20:41,-3.84,45.7,299,0.5,1020.5,1
2/1/23 20:46,-3.81,45.9,281,0.5,1020.5,1
2/1/23 20:51,-3.75,45.9,271,0.5,1020.5,1
2/1/23 20:56,-3.99,46.2,271,0.5,1020.4,1
2/1/23 21:01,-4.05,46,274,1,1020.4,1
2/1/23 21:06,-3.87,46.4,271,1,1020.4,1
2/1/23 21:11,-3.93,46.5,267,1,1020.5,1
2/1/23 21:16,-3.93,46.2,272,1,1020.3,1
2/1/23 21:21,-4.02,46.3,284,1,1020.3,1
2/1/23 21:26,-3.96,46.2,274,1,1020.4,1
2/1/23 21:31,-3.99,46,281,1.5,1020.3,1
2/1/23 21:36,-4.35,47.1,274,0.5,1020.4,1
2/1/23 21:41,-4.29,47.6,281,0.5,1020.5,1
2/1/23 21:46,-3.9,46.3,288,2,1020.4,1
2/1/23 21:51,-4.17,46.2,298,1.5,1020.6,1
2/1/23 21:56,-4.02,46.3,289,1,1020.5,1
2/1/23 22:01,-4.23,46.5,277,1.5,1020.5,1
2/1/23 22:06,-4.26,46.6,293,1,1020.5,1
2/1/23 22:11,-4.11,46.1,282,2,1020.4,1
2/1/23 22:16,-4.23,46.4,288,1.5,1020.7,1
2/1/23 22:21,-4.08,46.5,284,2,1020.7,1
2/1/23 22:26,-4.32,47.1,313,1,1020.7,1
2/1/23 22:31,-4.62,48.1,282,0.5,1021,1
2/1/23 22:36,-4.47,48,278,1,1020.9,1
2/1/23 22:41,-4.32,48.1,271,1.5,1020.8,1
2/1/23 22:46,-4.44,48.6,258,1,1020.6,1
2/1/23 22:51,-4.44,48.6,267,1.5,1020.7,1
2/1/23 22:56,-4.44,48.6,268,1.5,1020.7,1
2/1/23 23:01,-4.62,49.2,277,1,1020.8,1
2/1/23 23:06,-4.62,49.5,258,1,1020.6,1
2/1/23 23:11,-4.65,49.3,268,1,1020.5,1
2/1/23 23:16,-4.65,49.3,264,2,1020.5,1
2/1/23 23:21,-4.8,49.8,260,1.5,1020.6,1
2/1/23 23:26,-4.74,50.1,253,1.5,1020.7,1
2/1/23 23:31,-4.77,49.8,260,2,1020.9,1
2/1/23 23:36,-4.8,50,263,2,1020.7,1
2/1/23 23:41,-4.9,50.2,260,2,1020.6,1
2/1/23 23:46,-5.05,51,257,1.5,1020.8,1
2/1/23 23:51,-4.99,51,260,1,1020.7,1
2/1/23 23:56,-4.93,50.9,256,1.5,1020.7,1
2/15/23 0:00,3.49,63.9,153,0.5,1018.8,1
2/15/23 0:05,3.64,63.8,157,0.5,1018.8,1
2/15/23 0:10,3.62,63.4,153,0,1018.7,1
2/15/23 0:15,3.46,64.1,150,0,1018.5,1
2/15/23 0:20,3.22,64.2,146,0,1018.3,1
2/15/23 0:25,3.27,65,140,0,1018.3,1
2/15/23 0:30,2.85,65.9,128,0,1018.2,1
2/15/23 0:35,3.04,65.2,128,0,1018.1,1
2/15/23 0:40,2.64,66.2,129,0,1017.9,1
2/15/23 0:45,2.93,66.7,129,0,1017.9,1
2/15/23 0:50,3.56,64.8,125,0,1017.9,1
2/15/23 0:55,3.59,64.8,138,0,1017.8,1
2/15/23 1:00,3.35,65.2,131,0,1017.8,1
2/15/23 1:05,3.49,65.3,132,0,1017.8,1
2/15/23 1:10,3.64,65.3,138,0,1018,1
2/15/23 1:15,3.25,66,135,0,1017.9,1
2/15/23 1:20,3.25,66.1,135,0,1018,1
2/15/23 1:25,3.25,65.9,147,0,1018.2,1
2/15/23 1:30,3.04,66.5,147,0,1018.3,1
2/15/23 1:35,3.04,66.8,139,0,1018.3,1
2/15/23 1:40,2.42,67.5,139,0,1018.2,1
2/15/23 1:45,2.42,68.5,138,0,1018.1,1
2/15/23 1:50,2.88,67.6,139,0,1018.4,1
2/15/23 1:55,2.5,68.2,150,0,1018.4,1
2/15/23 2:00,1.89,69.7,150,0,1018.5,1
2/15/23 2:05,2.42,68.8,150,0,1018.4,1
2/15/23 2:10,2.72,67.9,150,0,1018.2,1
2/15/23 2:15,2.69,68.6,150,0,1018.1,1
2/15/23 2:20,2.58,67.1,142,0,1018.2,1
2/15/23 2:25,2.34,67.4,126,0,1018.3,1
2/15/23 2:30,2.58,66.9,125,0,1018.5,1
2/15/23 2:35,2.56,67,133,0,1018.4,1
2/15/23 2:40,2.77,66.9,142,0,1018.4,1
2/15/23 2:45,2.77,66.2,146,0,1018.4,1
2/15/23 2:50,3.27,64.4,154,0.5,1018.2,1
2/15/23 2:55,3.06,64.5,154,0,1018.4,1
2/15/23 3:00,3.27,64.5,135,0,1018.4,1
2/15/23 3:05,3.01,64.7,115,0,1018.4,1
2/15/23 3:10,3.09,64.4,149,0.5,1018.2,1
2/15/23 3:15,2.66,64.9,150,0,1018.4,1
2/15/23 3:20,3.14,64.9,149,0,1018.4,1
2/15/23 3:25,3.22,64.3,157,0.5,1018.5,1
2/15/23 3:30,3.27,64.5,153,0,1018.4,1
2/15/23 3:35,2.82,65.2,156,0,1018.2,1
2/15/23 3:40,2.48,66.4,157,0,1018.4,1
2/15/23 3:45,2.77,66.4,149,0,1018.1,1
2/15/23 3:50,3.22,65.8,147,0.5,1018.1,1
2/15/23 3:55,3.09,65.8,140,0,1018.2,1
2/15/23 4:00,2.93,67.3,129,0,1018.1,1
2/15/23 4:05,3.19,67,126,0.5,1018.2,1
2/15/23 4:10,3.3,67,156,0.5,1018.1,1
2/15/23 4:15,3.09,67,128,0,1018.1,1
2/15/23 4:20,3.49,66.5,139,1,1017.8,1
2/15/23 4:25,3.27,67.1,157,0,1017.8,1
2/15/23 4:30,3.33,67.4,163,0,1017.5,1
2/15/23 4:35,2.82,68.9,164,0,1017.8,1
2/15/23 4:40,3.35,67.7,164,0,1017.7,1
2/15/23 4:45,3.49,67.1,164,0,1017.3,1
2/15/23 4:50,3.51,67.5,153,0,1017.5,1
2/15/23 4:55,3.41,67.6,128,0,1017.5,1
2/15/23 5:00,3.49,67.9,142,0,1017.5,1
2/15/23 5:05,3.49,67.9,133,0,1017.5,1
2/15/23 5:10,3.49,68,135,0,1017.6,1
2/15/23 5:15,3.51,68.4,136,0,1017.5,1
2/15/23 5:20,3.72,67.7,153,0,1017.4,1
2/15/23 5:25,3.91,67.2,133,0.5,1017.5,1
2/15/23 5:30,3.85,67,125,1.5,1017.7,1
2/15/23 5:35,3.72,67.4,147,0.5,1017.7,1
2/15/23 5:40,3.59,68,146,0,1017.6,1
2/15/23 5:45,3.64,68,129,0,1017.7,1
2/15/23 5:50,3.75,67.5,160,0,1017.9,1
2/15/23 5:55,3.62,67.5,153,0,1017.9,1
2/15/23 6:00,3.67,67.2,153,0,1018,1
2/15/23 6:05,3.8,67.2,168,0.5,1018.1,1
2/15/23 6:10,3.77,67.4,152,0.5,1018.1,1
2/15/23 6:15,3.75,67.1,166,0.5,1018.1,1
2/15/23 6:20,3.83,66.8,150,0,1018.2,1
2/15/23 6:25,4.01,66.6,157,0.5,1017.9,4
2/15/23 6:30,4.14,66.4,160,1,1018,1
2/15/23 6:35,4.17,66.7,147,1,1018,1
2/15/23 6:40,4.25,66.6,161,1.5,1017.8,1
2/15/23 6:45,4.19,66.9,154,0.5,1017.9,3
2/15/23 6:50,4.3,67,132,1,1017.8,4
2/15/23 6:55,4.4,67.3,163,1.5,1017.9,7
2/15/23 7:00,4.51,67.6,156,1.5,1017.8,11
2/15/23 7:05,4.61,67.7,152,1,1018,12
2/15/23 7:10,4.71,67.9,154,1,1018,12
2/15/23 7:15,4.58,68.1,143,0.5,1018.1,14
2/15/23 7:20,4.61,68.4,142,0.5,1018,13
2/15/23 7:25,4.69,68.2,156,1.5,1018,13
2/15/23 7:30,4.66,68.5,157,1.5,1017.8,12
2/15/23 7:35,4.69,68.5,147,1,1017.8,16
2/15/23 7:40,4.79,68.7,140,1,1017.7,21
2/15/23 7:45,4.74,69,154,1,1017.7,27
2/15/23 7:50,5.02,69,149,1,1017.9,34
2/15/23 7:55,4.95,69.2,175,1,1018.2,37
2/15/23 8:00,5.18,69.3,161,1,1018.3,44
2/15/23 8:05,5.28,69.6,159,1,1018.1,36
2/15/23 8:10,5.39,70.1,159,0.5,1017.7,32
2/15/23 8:15,5.44,70.6,131,0.5,1017.3,32
2/15/23 8:20,5.46,71.6,128,0.5,1017.1,39
2/15/23 8:25,5.46,73.1,135,1,1017,36
2/15/23 8:30,5.64,72.7,152,1,1017.4,34
2/15/23 8:35,5.8,73.1,153,1.5,1017.1,33
2/15/23 8:40,5.82,73.2,128,0.5,1016.9,32
2/15/23 8:45,5.92,73.1,139,1.5,1016.6,48
2/15/23 8:50,6.03,73,126,1,1016.6,53
2/15/23 8:55,6.33,72.8,140,0.5,1016.6,72
2/15/23 9:00,6.38,72.6,139,1,1016.6,77
2/15/23 9:05,6.51,72.6,142,1,1016.8,81
2/15/23 9:10,6.56,72.5,154,2,1017.2,88
2/15/23 9:15,6.64,71.9,147,0.5,1017.2,103
2/15/23 9:20,6.91,70.3,166,1,1017.1,97
2/15/23 9:25,7.04,69,154,1.5,1017.2,101
2/15/23 9:30,7.19,68.9,154,1,1016.8,103
2/15/23 9:35,7.57,68.1,154,1,1016.9,123
2/15/23 9:40,7.62,68.1,153,1.5,1016.9,164
2/15/23 9:45,8.07,67.1,152,0.5,1016.6,158
2/15/23 9:50,7.84,67.7,154,1.5,1016.7,159
2/15/23 9:55,8.47,66.9,152,1,1016.6,194
2/15/23 10:00,8.24,67.2,166,2,1016.4,208
2/15/23 10:05,8.69,66.4,154,1.5,1016.2,192
2/15/23 10:10,8.49,67,152,1.5,1016.2,139
2/15/23 10:15,8.52,67.2,145,1.5,1016,123
2/15/23 10:20,8.62,67.3,140,1.5,1015.9,129
2/15/23 10:25,8.52,67.8,161,1.5,1016,119
2/15/23 10:30,8.69,68.3,145,1,1015.9,103
2/15/23 10:35,8.42,69.5,153,3,1015.7,89
2/15/23 10:40,8.52,70.1,152,2.5,1015.6,81
2/15/23 10:45,8.59,70.2,159,3,1015.3,76
2/15/23 10:50,8.62,70.5,159,1.5,1015.2,64
2/15/23 10:55,8.74,70.4,153,2,1015.1,64
2/15/23 11:00,8.92,70.1,153,3,1015,84
2/15/23 11:05,9.14,69.5,160,1.5,1014.9,98
2/15/23 11:10,9.63,68.2,143,1,1014.5,123
2/15/23 11:15,9.73,67.8,146,2,1014.3,171
2/15/23 11:20,10.66,65,139,1.5,1014.1,251
2/15/23 11:25,10.69,63.9,159,2,1013.9,261
2/15/23 11:30,11.03,62.6,147,2,1014,267
2/15/23 11:35,11.18,61.3,152,2,1014,224
2/15/23 11:40,11.3,60.4,157,1.5,1013.8,208
2/15/23 11:45,11.2,59.6,157,2,1013.7,191
2/15/23 11:50,11.08,59.2,146,2,1013.3,187
2/15/23 11:55,11.49,57.9,152,2,1013.2,234
2/15/23 12:00,11.18,56.1,152,3.5,1013.3,178
2/15/23 12:05,11.2,55.5,153,2.5,1013.1,183
2/15/23 12:10,11.71,54.4,146,3,1012.6,244
2/15/23 12:15,12.27,51.8,149,3,1012.4,284
2/15/23 12:20,13.26,50.1,157,2.5,1012.3,352
2/15/23 12:25,12.75,46.4,146,2.5,1012,302
2/15/23 12:30,14.36,46.1,146,4,1011.7,779
2/15/23 12:35,16.25,41.7,149,4,1011.9,609
2/15/23 12:40,16.56,40.6,154,3.5,1011.6,546
2/15/23 12:45,17.03,41,152,3.5,1011.3,533
2/15/23 12:50,17.15,40.5,156,3,1011.5,526
2/15/23 12:55,16.75,41.3,157,4,1011.4,519
2/15/23 13:00,16.49,40.8,160,4.5,1011.4,513
2/15/23 13:05,17.11,39.5,161,4,1011.1,506
2/15/23 13:10,17.11,39.3,160,4.5,1010.7,499
2/15/23 13:15,16.39,39.2,154,4,1010.3,492
2/15/23 13:20,16.92,38.9,153,4.5,1010.4,484
2/15/23 13:25,18.37,38.4,136,3,1010.1,478
2/15/23 13:30,17.18,40.1,150,4.5,1009.9,474
2/15/23 13:35,17.68,39.6,154,4,1009.6,468
2/15/23 13:40,16.77,40.6,152,4,1009.5,462
2/15/23 13:45,17.63,40.4,156,4,1009.4,453
2/15/23 13:50,18.01,39.8,149,4,1009.1,446
2/15/23 13:55,17.94,39.4,154,3.5,1008.8,437
2/15/23 14:00,17.65,40.4,152,4.5,1008.8,426
2/15/23 14:05,17.77,39.8,150,4,1008.8,418
2/15/23 14:10,17.82,39.4,145,3.5,1008.4,408
2/15/23 14:15,18.13,38.4,143,3,1008.4,398
2/15/23 14:20,18.44,38.2,152,3,1008.4,387
2/15/23 14:25,17.49,39.2,157,4.5,1008.4,376
2/15/23 14:30,18.2,38.7,154,3.5,1008.3,364
2/15/23 14:35,18.15,38.3,154,2.5,1008.3,351
2/15/23 14:40,17.37,40.4,166,3.5,1008.3,341
2/15/23 14:45,16.84,42.9,166,4.5,1007.9,327
2/15/23 14:50,17.65,42.6,163,4.5,1007.8,313
2/15/23 14:55,17.34,44.2,142,4,1007.8,303
2/15/23 15:00,17.03,46,150,4,1007.6,289
2/15/23 15:05,16.51,47.8,163,4.5,1007.4,276
2/15/23 15:10,16.53,49.3,161,5.5,1007.6,266
2/15/23 15:15,16.72,49.8,157,5,1007.6,253
2/15/23 15:20,16.84,49.7,157,4,1007.5,239
2/15/23 15:25,16.77,50.7,156,3,1007.4,226
2/15/23 15:30,16.87,51.6,159,4,1007.5,211
2/15/23 15:35,16.75,52.4,147,3,1007.3,199
2/15/23 15:40,16.8,53.4,157,3,1007,186
2/15/23 15:45,16.72,53.9,161,3,1007,173
2/15/23 15:50,15.96,55.2,154,3,1006.9,161
2/15/23 15:55,15.87,56.7,150,4,1006.6,147
2/15/23 16:00,15.99,56.8,147,2.5,1006.5,134
2/15/23 16:05,15.75,59,145,3,1006.6,122
2/15/23 16:10,15.41,60.2,136,2,1006.5,109
2/15/23 16:15,14.65,62.5,159,3,1006.6,97
2/15/23 16:20,13.88,64.7,161,3.5,1006.7,57
2/15/23 16:25,13.88,65.6,157,2,1006.5,68
2/15/23 16:30,13.62,67.2,161,2.5,1006.4,53
2/15/23 16:35,13.47,68.2,164,2,1006.4,28
2/15/23 16:40,13.33,69,160,2.5,1006.2,24
2/15/23 16:45,13.31,69.7,166,3.5,1006.3,21
2/15/23 16:50,13.06,70.8,156,1.5,1006,17
2/15/23 16:55,12.92,71.7,152,1.5,1006.2,14
2/15/23 17:00,12.82,72.2,154,2.5,1006.2,9
2/15/23 17:05,12.63,73.3,146,2,1006,7
2/15/23 17:10,12.53,74.1,156,2,1005.9,3
2/15/23 17:15,12.39,75.2,138,1.5,1005.7,2
2/15/23 17:20,12.29,75.9,150,2,1005.8,1
2/15/23 17:25,12.12,76.5,153,1.5,1005.9,1
2/15/23 17:30,11.98,77.3,153,1.5,1005.9,1
2/15/23 17:35,12,77.5,157,2.5,1005.7,1
2/15/23 17:40,11.78,78.4,150,1,1005.9,1
2/15/23 17:45,11.71,78.7,157,1.5,1006.1,1
2/15/23 17:50,11.81,78.8,167,2,1006.3,1
2/15/23 17:55,11.81,79.2,167,1.5,1006.4,1
2/15/23 18:00,11.61,79.4,167,2,1006.5,1
2/15/23 18:05,11.44,79.7,168,1,1006.8,1
2/15/23 18:10,11.56,79.9,168,1,1006.8,1
2/15/23 18:15,11.66,79.9,166,1.5,1006.7,1
2/15/23 18:20,11.61,79.7,163,2,1006.7,1
2/15/23 18:25,11.54,79.6,170,1.5,1006.8,1
2/15/23 18:30,11.49,79.6,159,1,1006.8,1
2/15/23 18:35,11.39,80.1,150,1,1006.5,1
2/15/23 18:40,11.73,78.8,164,2,1006.6,1
2/15/23 18:45,11.47,79.2,159,1,1006.7,1
2/15/23 18:50,11.49,79.2,159,1,1006.8,1
2/15/23 18:55,11.56,78.9,174,1,1006.6,1
2/15/23 19:00,11.37,79.5,157,0.5,1006.5,1
2/15/23 19:05,11.44,78.9,167,1.5,1006.7,1
2/15/23 19:10,11.47,78.6,160,1.5,1006.4,1
2/15/23 19:15,11.44,79.1,164,1,1006.4,1
2/15/23 19:20,11.52,78.6,166,1.5,1006.4,1
2/15/23 19:25,11.37,78.9,167,1,1006.4,1
2/15/23 19:30,11.2,78.8,175,1,1006.6,1
2/15/23 19:35,11.13,79.2,166,1,1006.7,1
2/15/23 19:40,11,79.5,159,0.5,1006.5,1
2/15/23 19:45,11.27,78.9,166,1,1006.6,1
2/15/23 19:50,11.37,78.5,160,1,1006.6,1
2/15/23 19:55,11.22,78.4,157,1,1006.7,1
2/15/23 20:00,11.15,79.1,164,1,1006.7,1
2/15/23 20:05,11.42,78,170,1.5,1006.7,1
2/15/23 20:10,11.08,78.4,154,1,1006.7,1
2/15/23 20:15,11.1,78.4,163,1,1006.6,1
2/15/23 20:20,11.08,78.8,163,1,1006.7,1
2/15/23 20:25,11.13,78.5,167,1,1006.7,1
2/15/23 20:30,11,79,164,1,1006.7,1
2/15/23 20:35,11.08,78.6,170,1.5,1006.7,1
2/15/23 20:40,11.08,78.8,171,1.5,1006.7,1
2/15/23 20:45,10.98,78.9,160,1,1006.6,1
2/15/23 20:50,11,79.2,160,1.5,1006.6,1
2/15/23 20:55,10.93,79.4,164,1.5,1006.6,1
2/15/23 21:00,10.79,79.7,163,1.5,1006.6,1
2/15/23 21:05,10.86,79.4,167,1.5,1006.6,1
2/15/23 21:10,10.59,79.9,157,1,1006.6,1
2/15/23 21:15,10.79,79.6,168,2.5,1006.6,1
2/15/23 21:20,10.76,79.6,160,1.5,1006.6,1
2/15/23 21:25,10.66,79.5,161,2,1006.7,1
2/15/23 21:30,10.59,80.3,164,1,1006.6,1
2/15/23 21:35,10.61,79.7,163,2,1006.6,1
2/15/23 21:40,10.44,79.7,159,1.5,1006.5,1
2/15/23 21:45,10.59,80,178,1,1006.5,1
2/15/23 21:50,10.61,79.8,170,1.5,1006.6,1
2/15/23 21:55,10.42,80.3,171,1.5,1006.5,1
2/15/23 22:00,10.57,80.1,170,1.5,1006.5,1
2/15/23 22:05,10.27,79.8,161,1.5,1006.5,1
2/15/23 22:10,10.12,80.7,156,1,1006.4,1
2/15/23 22:15,10.3,80,164,1,1006.4,1
2/15/23 22:20,10.42,79.7,174,1.5,1006.4,1
2/15/23 22:25,10.49,79.2,168,1.5,1006.4,1
2/15/23 22:30,10.47,79,171,1.5,1006.3,1
2/15/23 22:35,10.39,79.2,178,1,1006.4,1
2/15/23 22:40,10.44,78.5,161,1,1006.4,1
2/15/23 22:45,10.64,78.3,166,2,1006.3,1
2/15/23 22:50,10.49,77.9,167,2,1006.4,1
2/15/23 22:55,10.47,78.3,160,1.5,1006.2,1
2/15/23 23:00,10.59,77.9,164,2,1006.2,1
2/15/23 23:05,10.66,77.3,161,1.5,1006.2,1
2/15/23 23:10,10.47,77.3,164,1.5,1006.3,1
2/15/23 23:15,10.64,76.7,161,1.5,1006.3,1
2/15/23 23:20,10.57,76.4,164,1.5,1006.1,1
2/15/23 23:25,10.74,75.9,164,1.5,1006.3,1
2/15/23 23:30,10.66,75.8,154,1.5,1006.1,1
2/15/23 23:35,10.88,75.1,160,1.5,1006.2,1
2/15/23 23:40,10.93,74.6,157,1,1006.4,1
2/15/23 23:45,10.93,73.9,167,0.5,1006.3,1
2/15/23 23:50,11.27,73.1,170,1,1006.1,1
2/15/23 23:55,11.44,71.7,175,0.5,1006.2,1
2/21/23 0:00,6.94,51.7,232,0.5,1000.6,1
2/21/23 0:05,6.91,51.9,171,0,1000.7,1
2/21/23 0:10,6.79,52.1,209,0,1000.8,1
2/21/23 0:15,6.79,52,225,0.5,1000.8,1
2/21/23 0:20,6.81,52.2,230,0.5,1001,1
2/21/23 0:25,6.79,52.1,236,0.5,1001,1
2/21/23 0:30,6.79,52.3,246,0.5,1000.8,1
2/21/23 0:35,6.74,52.6,247,0,1000.7,1
2/21/23 0:40,6.74,52.4,243,0,1000.9,1
2/21/23 0:45,6.84,52.5,254,0.5,1000.7,1
2/21/23 0:50,6.89,52.3,285,0.5,1000.7,1
2/21/23 0:55,6.79,52.5,268,0.5,1000.9,1
2/21/23 1:00,6.79,52,278,1,1000.8,1
2/21/23 1:05,6.81,52.4,302,1,1001,1
2/21/23 1:10,6.69,52.7,291,1,1000.6,1
2/21/23 1:15,6.53,52.8,296,0.5,1000.7,1
2/21/23 1:20,6.41,53,292,0.5,1000.7,1
2/21/23 1:25,6.38,53.2,331,0,1000.5,1
2/21/23 1:30,6.26,53.3,321,0.5,1000.6,1
2/21/23 1:35,6.13,53.7,341,0,1000.4,1
2/21/23 1:40,6.08,54.1,0,0,1000.6,1
2/21/23 1:45,6.05,54.1,0,0.5,1000.5,1
2/21/23 1:50,6.05,54.4,348,1,1000.6,1
2/21/23 1:55,6,55.3,0,1,1000.6,1
2/21/23 2:00,5.97,56.3,41,0.5,1000.2,1
2/21/23 2:05,5.82,57.1,24,1,1000.2,1
2/21/23 2:10,5.87,57.5,321,0.5,1000.3,1
2/21/23 2:15,5.74,57.7,298,0,1000.3,1
2/21/23 2:20,5.59,58.3,350,0.5,1000.2,1
2/21/23 2:25,5.54,58.5,351,1,1000.2,1
2/21/23 2:30,5.51,58.7,4,2,1000.1,1
2/21/23 2:35,5.44,59.4,0,0.5,1000.4,1
2/21/23 2:40,5.46,59.5,352,0,1000.7,1
2/21/23 2:45,5.46,60,310,0,1000.7,1
2/21/23 2:50,5.33,60.2,352,0.5,1000.7,1
2/21/23 2:55,5.23,60.8,11,1,1000.4,1
2/21/23 3:00,5.21,61.1,21,1,1000.5,1
2/21/23 3:05,5.21,61.1,350,1,1000.4,1
2/21/23 3:10,5.08,61.7,347,1,1000.5,1
2/21/23 3:15,5,61.9,355,0,1000.7,1
2/21/23 3:20,4.97,62.4,29,1,1000.7,1
2/21/23 3:25,4.95,62.4,10,0.5,1000.7,1
2/21/23 3:30,4.95,62.7,344,0,1000.9,1
2/21/23 3:35,5.05,62.4,334,0.5,1000.8,1
2/21/23 3:40,5,63,21,0.5,1001,1
2/21/23 3:45,4.9,63.8,327,0,1001.4,1
2/21/23 3:50,4.71,64.7,355,1,1001.4,1
2/21/23 3:55,4.74,64.9,317,0.5,1001.6,1
2/21/23 4:00,4.56,64.5,347,0.5,1001.5,1
2/21/23 4:05,3.3,71.5,25,2.5,1001.4,1
2/21/23 4:10,2.96,78.3,350,1.5,1001.6,1
2/21/23 4:15,2.48,80.3,3,2,1001.7,1
2/21/23 4:20,2.32,82.2,6,1,1001.6,1
2/21/23 4:25,2.16,83.8,354,1.5,1001.6,1
2/21/23 4:30,2.05,85.5,348,0.5,1001.9,1
2/21/23 4:35,2.24,86.5,341,0,1001.8,1
2/21/23 4:40,1.78,87.6,350,0.5,1001.7,1
2/21/23 4:45,1.64,89.5,6,1,1001.6,1
2/21/23 4:50,1.56,90.1,8,1,1001.6,1
2/21/23 4:55,1.43,91.8,0,1,1001.5,1
2/21/23 5:00,1.37,92.6,355,1,1001.5,1
2/21/23 5:05,1.4,93.2,350,0.5,1001.9,1
2/21/23 5:10,1.34,93.6,355,0.5,1001.9,1
2/21/23 5:15,1.26,94,6,0.5,1001.6,1
2/21/23 5:20,1.15,94.5,355,0,1001.6,1
2/21/23 5:25,1.18,94.9,8,0,1001.5,1
2/21/23 5:30,0.96,95.1,22,0.5,1001.5,1
2/21/23 5:35,0.74,95.4,21,0.5,1001.4,1
2/21/23 5:40,0.82,95.9,18,0,1001.5,1
2/21/23 5:45,0.99,95.9,327,0,1001.5,1
2/21/23 5:50,0.85,96.1,0,0,1001.4,1
2/21/23 5:55,0.77,96.2,18,0,1001.3,1
2/21/23 6:00,0.63,96.2,355,0.5,1001.3,1
2/21/23 6:05,0.55,96.5,7,0,1001,1
2/21/23 6:10,0.49,96.6,27,0,1001,1
2/21/23 6:15,0.49,96.9,27,0,1001.1,1
2/21/23 6:20,0.47,97,20,0,1001,1
2/21/23 6:25,0.8,97.3,20,0,1001,1
2/21/23 6:30,0.85,97.2,352,0,1001,1
2/21/23 6:35,0.85,97,309,0,1001.2,1
2/21/23 6:40,0.85,97.2,312,0,1001.1,1
2/21/23 6:45,0.6,97,313,0,1001.4,1
2/21/23 6:50,0.6,97.3,354,0,1001.3,2
2/21/23 6:55,0.55,97.4,13,0,1001.4,3
2/21/23 7:00,0.41,97.4,13,0,1001.4,3
2/21/23 7:05,0.41,97.6,7,0,1001.4,4
2/21/23 7:10,0.36,97.7,10,0,1001.2,6
2/21/23 7:15,0.22,97.8,18,0,1001.4,6
2/21/23 7:20,0.16,97.9,20,0,1001.7,4
2/21/23 7:25,0.27,98,20,0,1001.6,6
2/21/23 7:30,0.25,98.1,20,0,1001.6,11
2/21/23 7:35,0.36,98,18,0,1001.6,13
2/21/23 7:40,0.49,98.3,343,0,1001.9,14
2/21/23 7:45,0.38,98.1,285,0,1001.9,14
2/21/23 7:50,0.33,98.2,282,0,1001.6,17
2/21/23 7:55,0.22,98.2,331,0,1001.9,16
2/21/23 8:00,0.16,98.2,331,0,1001.9,18
2/21/23 8:05,0.16,98.3,331,0,1001.8,18
2/21/23 8:10,0.19,98.4,331,0,1001.9,17
2/21/23 8:15,0.33,98.5,331,0,1001.9,16
2/21/23 8:20,0.47,98.5,331,0,1001.8,26
2/21/23 8:25,0.47,98.4,331,0,1001.7,21
2/21/23 8:30,0.6,98.4,20,0,1001.6,21
2/21/23 8:35,0.66,98.5,35,0.5,1001.5,21
2/21/23 8:40,0.71,98.4,25,1,1001.5,22
2/21/23 8:45,0.8,98.3,25,1,1001.1,23
2/21/23 8:50,0.77,98.3,18,1,1001.1,24
2/21/23 8:55,0.96,98.4,21,0.5,1001.2,22
2/21/23 9:00,0.93,98.5,25,0.5,1001.3,17
2/21/23 9:05,0.99,98.5,22,0.5,1001,21
2/21/23 9:10,0.93,98.5,14,1,1001.1,19
2/21/23 9:15,0.96,98.4,13,0.5,1001.2,23
2/21/23 9:20,1.04,98.4,355,1.5,1001.2,19
2/21/23 9:25,1.02,98.3,25,1,1001.4,16
2/21/23 9:30,1.13,98.4,21,0,1001.6,19
2/21/23 9:35,1.13,98.3,31,1.5,1001.2,33
2/21/23 9:40,1.34,98.3,37,1.5,1001.2,42
2/21/23 9:45,1.37,98.2,52,1.5,1001.1,42
2/21/23 9:50,1.48,98.1,37,1.5,1001,43
2/21/23 9:55,1.56,98.1,25,1,1000.9,48
2/21/23 10:00,1.56,98,42,2,1000.9,51
2/21/23 10:05,1.7,98,45,1,1000.9,48
2/21/23 10:10,1.89,97.9,39,1.5,1000.8,61
2/21/23 10:15,1.97,97.9,34,1.5,1000.7,57
2/21/23 10:20,1.72,97.7,20,1,1000.7,28
2/21/23 10:25,1.7,97.9,28,1,1000.3,32
2/21/23 10:30,1.91,98,20,1,1000.2,79
2/21/23 10:35,2.21,97.9,35,2,1000.1,87
2/21/23 10:40,2.4,97.6,35,2,1000.2,67
2/21/23 10:40,2.4,97.6,35,2,1000.2,67
2/21/23 10:45,2.5,97.5,41,2.5,1000,73
2/21/23 10:50,2.72,97.3,46,3.5,999.9,76
2/21/23 10:55,2.72,97.1,44,3,999.9,77
2/21/23 11:00,2.9,96.8,46,3,999.8,82
2/21/23 11:05,2.98,96.5,51,2.5,999.7,63
2/21/23 11:10,3.12,96.3,56,2,999.4,69
2/21/23 11:15,3.04,96.1,52,3,999.2,43
2/21/23 11:20,3.04,95.9,52,3,999.2,49
2/21/23 11:25,3.19,95.4,58,3.5,999,72
2/21/23 11:30,3.22,94.6,48,3.5,999,64
2/21/23 11:35,3.72,93.8,46,3,998.9,136
2/21/23 11:40,3.7,93.6,55,3.5,998.9,86
2/21/23 11:45,3.64,93.3,59,2,998.9,61
2/21/23 11:50,3.56,93.6,49,2.5,998.9,53
2/21/23 11:55,3.43,93.6,59,2,998.8,41
2/21/23 12:00,3.46,93.3,59,2.5,998.9,39
2/21/23 12:05,3.51,92.9,67,2.5,999,44
2/21/23 12:10,3.72,92.8,51,1.5,999,49
2/21/23 12:15,3.64,92.3,46,3,999.2,44
2/21/23 12:20,3.72,92.5,51,1,999.2,29
2/21/23 12:25,3.8,92.6,70,1,999.3,33
2/21/23 12:30,3.67,92.6,67,1.5,999.1,26
2/21/23 12:35,3.67,92.4,45,2,999,33
2/21/23 12:40,3.88,92.1,55,1,999.1,52
2/21/23 12:45,3.77,92.1,53,2,998.9,43
2/21/23 12:50,3.83,92.4,53,1.5,999,51
2/21/23 12:55,3.75,92.1,53,2,998.9,61
2/21/23 13:00,3.8,92.3,48,1,999,61
2/21/23 13:05,3.64,92.4,53,1,998.9,36
2/21/23 13:10,3.77,92.2,42,2,998.6,101
2/21/23 13:15,3.85,92.2,46,2,998.4,82
2/21/23 13:20,3.96,91.9,32,1,998.4,79
2/21/23 13:25,3.88,91.5,55,2,998.4,56
2/21/23 13:30,3.91,91.8,48,1.5,998.3,68
2/21/23 13:35,3.96,91.5,37,2,998.2,93
2/21/23 13:40,3.96,90.8,49,2,998.4,72
2/21/23 13:45,3.83,90.6,45,2,998.4,76
2/21/23 13:50,3.67,90.5,46,2,998.4,39
2/21/23 13:55,3.49,90.1,37,2.5,998.4,31
2/21/23 14:00,3.59,90.1,35,1.5,998.5,48
2/21/23 14:05,4.01,89.3,42,0.5,998.5,97
2/21/23 14:10,4.04,88.2,34,1.5,998.5,89
2/21/23 14:15,4.14,87.9,37,1,998.6,72
2/21/23 14:20,4.04,87.7,45,1,998.7,44
2/21/23 14:25,3.93,87.9,38,1,998.6,39
2/21/23 14:30,4.19,87.1,44,2,998.5,99
2/21/23 14:35,4.45,86,44,1.5,998.8,94
2/21/23 14:40,4.35,85.9,52,1.5,998.8,72
2/21/23 14:45,3.98,86.5,53,1,998.8,62
2/21/23 14:50,4.04,86.5,76,0.5,998.9,37
2/21/23 14:55,4.17,86.7,87,0,998.9,29
2/21/23 15:00,3.96,86.9,55,0.5,999,24
2/21/23 15:05,3.93,87,58,0,998.9,19
2/21/23 15:10,3.91,87.7,51,0,999,14
2/21/23 15:15,3.91,88.1,31,0,999.1,13
2/21/23 15:20,3.91,88,25,0,999,13
2/21/23 15:25,3.88,87.5,29,1,998.9,13
2/21/23 15:30,3.91,87.3,29,0.5,999.1,17
2/21/23 15:35,3.8,88.1,42,0,999.3,17
2/21/23 15:40,3.72,88.7,45,0.5,999,27
2/21/23 15:45,3.83,89.1,34,1,998.5,64
2/21/23 15:50,3.93,89.4,27,1.5,998.8,91
2/21/23 15:55,4.01,88.9,25,1.5,998.9,89
2/21/23 16:00,4.04,88.5,32,1.5,998.8,57
2/21/23 16:05,4.06,87.9,46,1,998.9,32
2/21/23 16:10,3.98,87.3,55,1,999.1,26
2/21/23 16:15,4.06,87.6,56,0.5,999.4,31
2/21/23 16:20,4.04,86.9,52,1.5,999.3,38
2/21/23 16:25,4.06,87.3,46,1.5,999.3,27
2/21/23 16:30,4.04,87.3,53,1.5,999.1,16
2/21/23 16:35,4.01,87.9,45,1.5,999.3,4
2/21/23 16:40,3.93,87.6,48,1.5,999.2,3
2/21/23 16:45,3.83,88.4,44,1.5,999.6,3
2/21/23 16:50,3.88,88.9,46,0.5,999.9,2
2/21/23 16:55,4.04,88.4,51,0.5,999.8,2
2/21/23 17:00,4.12,87.7,67,0.5,1000,1
2/21/23 17:05,4.35,86.8,114,1,1000.1,2
2/21/23 17:10,4.35,86.5,119,0,1000.2,1
2/21/23 17:15,4.25,86.7,102,0,1000.2,1
2/21/23 17:20,4.4,86.6,102,0,1000.3,1
2/21/23 17:25,4.27,86.5,102,0.5,1000.5,1
2/21/23 17:30,4.38,86.1,129,1,1000.4,1
2/21/23 17:35,4.38,86.3,117,0,1000.4,1
2/21/23 17:40,4.38,85.7,107,1,1000.5,1
2/21/23 17:45,4.32,85.5,111,1.5,1000.6,1
2/21/23 17:50,4.43,85.7,112,1,1000.7,1
2/21/23 17:55,4.38,85,117,0.5,1000.8,1
2/21/23 18:00,4.25,85.8,83,1,1000.7,1
2/21/23 18:05,4.4,85.8,126,1,1000.9,1
2/21/23 18:10,4.4,85.5,136,0.5,1000.8,1
2/21/23 18:15,4.43,85.8,117,1,1001.1,1
2/21/23 18:20,4.4,85.7,125,1.5,1001.1,1
2/21/23 18:25,4.32,85.9,121,1.5,1001.3,1
2/21/23 18:30,4.17,87.5,111,1,1001.3,1
2/21/23 18:35,3.96,89,115,0.5,1001.3,1
2/21/23 18:40,3.96,90,138,0,1001.2,1
2/21/23 18:45,3.88,89.9,142,0,1001.3,1
2/21/23 18:50,3.88,90.4,150,0.5,1001.4,1
2/21/23 18:55,3.85,91.1,146,0,1001.4,1
2/21/23 19:00,3.8,92.5,138,0,1001.8,1
2/21/23 19:05,3.72,92.4,145,0.5,1001.8,1
2/21/23 19:10,3.67,92.9,154,1,1002,1
2/21/23 19:15,3.51,93.4,156,1.5,1002.1,1
2/21/23 19:20,3.56,94.2,154,1.5,1002.2,1
2/21/23 19:25,3.56,94.5,146,1.5,1002.3,1
2/21/23 19:30,3.62,94.8,163,0.5,1002.3,1
2/21/23 19:35,3.59,95,143,1,1002.2,1
2/21/23 19:40,3.64,95.3,145,1,1002.4,1
2/21/23 19:45,3.59,95.3,156,1,1002.4,1
2/21/23 19:50,3.56,96.1,136,0.5,1002.4,1
2/21/23 19:55,3.49,96.7,152,0.5,1002.6,1
2/21/23 20:00,3.38,97.1,149,1,1002.4,1
2/21/23 20:05,3.43,97.5,163,0.5,1002.6,1
2/21/23 20:10,3.38,97.6,146,0.5,1002.6,1
2/21/23 20:15,3.38,97.7,146,0,1002.5,1
2/21/23 20:20,3.38,97.8,138,0.5,1002.7,1
2/21/23 20:25,3.38,98,146,1,1002.9,1
2/21/23 20:30,3.43,97.9,160,1,1003.1,1
2/21/23 20:35,3.51,98.1,147,0.5,1003.2,1
2/21/23 20:40,3.41,98.1,167,0.5,1003.2,1
2/21/23 20:45,3.49,98.2,150,1,1003.1,1
2/21/23 20:50,3.43,97.9,159,1,1003.2,1
2/21/23 20:55,3.56,98.1,159,0.5,1003.4,1
2/21/23 21:00,3.67,97.8,157,0,1003.5,1
2/21/23 21:05,3.7,97.8,168,1,1003.6,1
2/21/23 21:10,3.7,97.7,164,1,1003.7,1
2/21/23 21:15,3.77,97.8,180,0.5,1003.6,1
2/21/23 21:20,3.85,97.8,173,0,1003.8,1
2/21/23 21:25,3.93,97.8,168,0,1004,1
2/21/23 21:30,3.96,97.8,168,0,1003.9,1
2/21/23 21:35,3.91,97.8,153,0.5,1004,1
2/21/23 21:40,3.96,97.8,187,0.5,1004.2,1
2/21/23 21:45,3.91,97.8,197,0.5,1004.1,1
2/21/23 21:50,3.8,97.9,190,1.5,1003.9,1
2/21/23 21:55,3.72,97.8,188,1,1004.1,1
2/21/23 22:00,3.64,98,190,1,1004.2,1
2/21/23 22:05,3.54,98.2,187,1,1004.4,1
2/21/23 22:10,3.67,98.2,188,1,1004.4,1
2/21/23 22:15,3.72,97.9,178,1.5,1004.4,1
2/21/23 22:20,3.8,97.8,199,1,1004.6,1
2/21/23 22:25,3.8,97.8,192,0.5,1004.5,1
2/21/23 22:30,3.8,97.8,198,0.5,1004.4,1
2/21/23 22:35,3.7,97.7,199,0.5,1004.3,1
2/21/23 22:40,3.62,97.8,198,0.5,1004.3,1
2/21/23 22:45,3.49,97.9,216,0,1004.6,1
2/21/23 22:50,3.54,98.1,198,1,1004.6,1
2/21/23 22:55,3.22,98.2,225,0.5,1004.8,1
2/21/23 23:00,3.22,98.4,211,0,1005.1,1
2/21/23 23:05,3.19,98.5,212,0,1005,1
2/21/23 23:10,2.9,98.7,209,0,1005.1,1
2/21/23 23:15,2.96,98.7,191,0.5,1005.1,1
2/21/23 23:20,2.82,98.7,215,0.5,1005.4,1
2/21/23 23:25,2.96,98.7,194,0.5,1005.7,1
2/21/23 23:30,2.82,98.6,197,0.5,1005.8,1
2/21/23 23:35,2.8,98.4,218,0.5,1005.8,1
2/21/23 23:40,2.82,98.3,229,1,1005.7,1
2/21/23 23:45,2.9,97.6,248,1.5,1005.9,1
2/21/23 23:50,2.9,96.9,240,2,1005.9,1
2/21/23 23:55,2.82,96.5,241,1,1006,1